transaction_id,transaction_card_type,transaction_ecommerce_website_name,transaction_product_name,transaction_amount,transaction_datetime,transaction_city_name,transaction_country_name
1001,Visa,www.ebay.com,TV,449.91,2019-05-19 18:47:33,Mumbai,India
1002,Visa,www.snapdeal.com,TV,320.01,2019-05-19 16:32:52,London,United Kingdom
1003,Maestro,www.snapdeal.com,Wrist Band,67.42,2019-05-19 04:19:01,New Delhi,Inida
1004,Visa,www.ebay.com,Laptop,37.92,2019-05-19 14:44:51,Paris,France
1005,Visa,www.ebay.com,Text Books,157.40,2019-05-19 10:45:59,Rome,Italy
1006,Visa,www.snapdeal.com,Desktop Computer,32.37,2019-05-19 14:36:51,Hyderabad,India
1007,Visa,www.amazon.com,Laptop,11.71,2019-05-19 15:08:57,Bangkok,Thailand
1008,Visa,www.flipkart.com,Text Books,440.47,2019-05-19 07:12:22,New Delhi,Inida
1009,MasterCard,www.snapdeal.com,TV,387.85,2019-05-19 20:29:27,New York City,United States
1010,Maestro,www.ebay.com,TV,457.40,2019-05-19 10:16:15,Pune,India
1011,Visa,www.ebay.com,TV Stand,64.21,2019-05-19 22:52:39,Pune,India
1012,MasterCard,www.snapdeal.com,Text Books,337.04,2019-05-19 00:29:27,London,United Kingdom
1013,Visa,www.ebay.com,HDMI Cable,531.32,2019-05-19 00:42:14,Hyderabad,India
1014,Maestro,www.flipkart.com,LAN Cable,302.84,2019-05-19 00:17:28,Hyderabad,India
1015,MasterCard,www.snapdeal.com,External Hard Drive,231.56,2019-05-19 14:06:20,Chennai,India
1016,Visa,www.ebay.com,Desktop Computer,140.79,2019-05-19 21:43:01,Bangkok,Thailand
1017,Visa,www.snapdeal.com,Desktop Computer,292.72,2019-05-19 22:32:42,Chennai,India
1018,MasterCard,www.ebay.com,External Hard Drive,399.01,2019-05-19 02:45:41,Bangkok,Thailand
1019,MasterCard,www.flipkart.com,Wrist Watch,248.05,2019-05-19 10:37:42,Bangkok,Thailand
1020,MasterCard,www.ebay.com,Mobile Phone,208.27,2019-05-19 10:28:04,Kolkata,India
1021,Maestro,www.snapdeal.com,Wrist Band,41.72,2019-05-19 16:46:53,Paris,France
1022,Maestro,www.ebay.com,TV Stand,425.91,2019-05-19 16:05:50,Singapore,Singapore
1023,Maestro,www.amazon.com,TV,538.44,2019-05-19 11:39:53,Hyderabad,India
1024,MasterCard,www.snapdeal.com,Wrist Band,502.33,2019-05-19 05:23:44,Rome,Italy
1025,MasterCard,www.snapdeal.com,Mobile Phone,225.09,2019-05-19 21:25:43,New York City,United States
1026,Maestro,www.amazon.com,Wrist Watch,543.29,2019-05-19 22:25:10,Singapore,Singapore
1027,MasterCard,www.flipkart.com,Wrist Band,433.70,2019-05-19 14:15:42,Bangkok,Thailand
1028,MasterCard,www.ebay.com,Pen Drive,32.00,2019-05-19 04:08:30,Mumbai,India
1029,MasterCard,www.snapdeal.com,External Hard Drive,50.45,2019-05-19 18:13:26,Singapore,Singapore
1030,MasterCard,www.amazon.com,Text Books,30.10,2019-05-19 04:14:26,Pune,India
1031,Visa,www.amazon.com,Laptop,152.34,2019-05-19 09:13:18,Paris,France
1032,Maestro,www.flipkart.com,Wrist Band,135.01,2019-05-19 04:15:44,New Delhi,Inida
1033,Maestro,www.flipkart.com,Desktop Computer,147.00,2019-05-19 02:05:52,Mumbai,India
1034,Visa,www.snapdeal.com,HDMI Cable,266.56,2019-05-19 03:34:05,Hyderabad,India
1035,Visa,www.amazon.com,Desktop Computer,282.74,2019-05-19 09:55:13,Chennai,India
1036,Maestro,www.ebay.com,Pen Drive,405.04,2019-05-19 23:41:32,Paris,France
1037,Visa,www.ebay.com,External Hard Drive,456.58,2019-05-19 04:23:54,Pune,India
1038,Visa,www.snapdeal.com,HDMI Cable,411.37,2019-05-19 04:57:19,Chennai,India
1039,Visa,www.amazon.com,LAN Cable,461.33,2019-05-19 17:28:22,New York City,United States
1040,MasterCard,www.snapdeal.com,External Hard Drive,546.67,2019-05-19 21:54:58,Pune,India
1041,Maestro,www.snapdeal.com,External Hard Drive,135.19,2019-05-19 06:19:13,London,United Kingdom
1042,Visa,www.snapdeal.com,Wrist Band,128.87,2019-05-19 02:11:39,Pune,India
1043,Maestro,www.snapdeal.com,HDMI Cable,518.36,2019-05-19 03:14:15,Singapore,Singapore
1044,Visa,www.flipkart.com,External Hard Drive,459.65,2019-05-19 06:06:43,Paris,France
1045,MasterCard,www.flipkart.com,Pen Drive,293.63,2019-05-19 11:22:10,Kolkata,India
1046,Visa,www.snapdeal.com,Mobile Phone,377.25,2019-05-19 06:03:41,Kolkata,India
1047,MasterCard,www.snapdeal.com,TV,195.65,2019-05-19 18:01:04,Bangalore,India
1048,Visa,www.flipkart.com,Desktop Computer,253.85,2019-05-19 09:26:14,Singapore,Singapore
1049,MasterCard,www.snapdeal.com,Wrist Watch,85.00,2019-05-19 02:46:53,New York City,United States
1050,Maestro,www.snapdeal.com,HDMI Cable,8.67,2019-05-19 01:49:48,Jerusalem,Israel
1051,Visa,www.amazon.com,Wrist Watch,178.50,2019-05-19 06:16:56,Chennai,India
1052,Visa,www.amazon.com,Pen Drive,496.10,2019-05-19 13:25:36,Mumbai,India
1053,MasterCard,www.flipkart.com,Text Books,15.93,2019-05-19 04:14:16,Pune,India
1054,Maestro,www.ebay.com,Laptop,249.88,2019-05-19 18:37:35,Hyderabad,India
1055,Visa,www.ebay.com,HDMI Cable,110.46,2019-05-19 11:32:16,Chennai,India
1056,Visa,www.ebay.com,HDMI Cable,368.78,2019-05-19 18:32:14,Pune,India
1057,MasterCard,www.snapdeal.com,Desktop Computer,296.01,2019-05-19 04:03:51,Hyderabad,India
1058,Visa,www.ebay.com,TV Stand,109.37,2019-05-19 06:26:15,Mumbai,India
1059,Visa,www.ebay.com,Pen Drive,463.97,2019-05-19 22:11:06,Kolkata,India
1060,Maestro,www.flipkart.com,Wrist Band,403.98,2019-05-19 04:35:23,Hyderabad,India
1061,MasterCard,www.amazon.com,Wrist Watch,268.15,2019-05-19 01:43:07,Kolkata,India
1062,Maestro,www.amazon.com,Laptop,529.25,2019-05-19 08:00:39,Mumbai,India
1063,MasterCard,www.amazon.com,External Hard Drive,528.00,2019-05-19 07:12:00,Mumbai,India
1064,Maestro,www.flipkart.com,Desktop Computer,482.74,2019-05-19 04:32:49,London,United Kingdom
1065,MasterCard,www.ebay.com,Mobile Phone,252.84,2019-05-19 02:27:23,Pune,India
1066,Maestro,www.snapdeal.com,Pen Drive,191.24,2019-05-19 10:50:54,Kolkata,India
1067,Maestro,www.amazon.com,TV Stand,195.65,2019-05-19 14:06:07,Paris,France
1068,MasterCard,www.flipkart.com,Laptop,533.56,2019-05-19 20:36:33,Mumbai,India
1069,Maestro,www.flipkart.com,Desktop Computer,199.13,2019-05-19 12:24:12,New Delhi,Inida
1070,MasterCard,www.amazon.com,HDMI Cable,362.88,2019-05-19 00:06:20,Hyderabad,India
1071,Maestro,www.snapdeal.com,Wrist Band,527.65,2019-05-19 08:43:28,Singapore,Singapore
1072,Visa,www.snapdeal.com,HDMI Cable,236.40,2019-05-19 11:01:41,Bangalore,India
1073,MasterCard,www.flipkart.com,TV Stand,462.85,2019-05-19 18:53:56,Chennai,India
1074,MasterCard,www.ebay.com,Laptop,158.75,2019-05-19 00:52:07,Singapore,Singapore
1075,Maestro,www.flipkart.com,Laptop,473.65,2019-05-19 06:58:35,Chennai,India
1076,Visa,www.flipkart.com,HDMI Cable,254.89,2019-05-19 01:08:20,New Delhi,Inida
1077,MasterCard,www.ebay.com,Pen Drive,318.73,2019-05-19 02:06:49,New York City,United States
1078,MasterCard,www.amazon.com,Text Books,282.47,2019-05-19 02:40:17,Hyderabad,India
1079,MasterCard,www.flipkart.com,TV Stand,285.50,2019-05-19 16:45:35,New York City,United States
1080,MasterCard,www.amazon.com,Wrist Band,388.78,2019-05-19 11:14:44,Kolkata,India
1081,Visa,www.snapdeal.com,Pen Drive,381.56,2019-05-19 09:53:09,Chennai,India
1082,Maestro,www.flipkart.com,Wrist Band,490.39,2019-05-19 10:35:03,Chennai,India
1083,MasterCard,www.amazon.com,HDMI Cable,67.02,2019-05-19 10:25:52,Bangkok,Thailand
1084,MasterCard,www.flipkart.com,LAN Cable,242.31,2019-05-19 15:52:39,Singapore,Singapore
1085,MasterCard,www.ebay.com,Desktop Computer,511.43,2019-05-19 06:24:44,New York City,United States
1086,MasterCard,www.ebay.com,HDMI Cable,333.91,2019-05-19 01:00:30,Bangkok,Thailand
1087,MasterCard,www.ebay.com,Laptop,495.44,2019-05-19 15:41:19,New Delhi,Inida
1088,MasterCard,www.amazon.com,Mobile Phone,424.96,2019-05-19 18:01:11,New York City,United States
1089,Visa,www.flipkart.com,External Hard Drive,469.78,2019-05-19 05:03:06,London,United Kingdom
1090,MasterCard,www.amazon.com,TV,177.39,2019-05-19 07:34:18,New York City,United States
1091,Visa,www.ebay.com,LAN Cable,553.00,2019-05-19 18:51:38,Mumbai,India
1092,Visa,www.flipkart.com,Laptop,482.47,2019-05-19 19:21:07,Chennai,India
1093,Maestro,www.snapdeal.com,Text Books,304.77,2019-05-19 09:16:26,Chennai,India
1094,MasterCard,www.snapdeal.com,Pen Drive,304.50,2019-05-19 22:17:10,Rome,Italy
1095,Visa,www.amazon.com,Text Books,249.71,2019-05-19 11:33:29,Jerusalem,Israel
1096,Visa,www.ebay.com,TV,270.66,2019-05-19 06:42:17,Rome,Italy
1097,Maestro,www.flipkart.com,TV,419.41,2019-05-19 10:19:34,Mumbai,India
1098,MasterCard,www.amazon.com,TV Stand,45.44,2019-05-19 04:34:20,Mumbai,India
1099,Maestro,www.snapdeal.com,External Hard Drive,410.33,2019-05-19 14:27:01,Paris,France
1100,Maestro,www.ebay.com,Mobile Phone,83.94,2019-05-19 09:13:38,Jerusalem,Israel
1101,Visa,www.flipkart.com,Mobile Phone,524.36,2019-05-19 10:28:34,Chennai,India
1102,Visa,www.ebay.com,Desktop Computer,455.36,2019-05-19 18:13:18,Jerusalem,Israel
1103,Visa,www.amazon.com,Wrist Band,454.39,2019-05-19 12:46:19,Mumbai,India
1104,MasterCard,www.snapdeal.com,Wrist Watch,461.79,2019-05-19 23:43:28,Paris,France
1105,MasterCard,www.ebay.com,Pen Drive,178.25,2019-05-19 08:36:35,Jerusalem,Israel
1106,MasterCard,www.ebay.com,TV,391.08,2019-05-19 02:22:12,Chennai,India
1107,Visa,www.flipkart.com,LAN Cable,386.13,2019-05-19 02:11:51,Jerusalem,Israel
1108,Maestro,www.flipkart.com,External Hard Drive,492.71,2019-05-19 21:23:04,New Delhi,Inida
1109,Visa,www.ebay.com,Wrist Band,295.53,2019-05-19 17:43:56,Chennai,India
1110,Visa,www.amazon.com,Laptop,204.22,2019-05-19 22:21:05,Singapore,Singapore
1111,MasterCard,www.flipkart.com,Laptop,483.32,2019-05-19 07:33:39,Paris,France
1112,Visa,www.flipkart.com,Wrist Watch,415.09,2019-05-19 15:43:00,Chennai,India
1113,MasterCard,www.snapdeal.com,Pen Drive,215.75,2019-05-19 08:33:42,Paris,France
1114,Visa,www.snapdeal.com,Wrist Watch,321.41,2019-05-19 10:09:35,Pune,India
1115,Maestro,www.amazon.com,Pen Drive,228.76,2019-05-19 15:45:32,New York City,United States
1116,Maestro,www.snapdeal.com,LAN Cable,117.16,2019-05-19 15:30:07,Kolkata,India
1117,Visa,www.amazon.com,Text Books,89.11,2019-05-19 10:30:30,Pune,India
1118,Visa,www.ebay.com,External Hard Drive,225.72,2019-05-19 08:49:55,Jerusalem,Israel
1119,Visa,www.flipkart.com,External Hard Drive,102.84,2019-05-19 14:39:22,Hyderabad,India
1120,Maestro,www.flipkart.com,Text Books,77.38,2019-05-19 09:57:26,New Delhi,Inida
1121,Visa,www.amazon.com,Pen Drive,95.22,2019-05-19 17:45:34,New York City,United States
1122,MasterCard,www.amazon.com,TV,129.96,2019-05-19 08:07:19,Jerusalem,Israel
1123,MasterCard,www.ebay.com,LAN Cable,390.98,2019-05-19 11:41:26,Bangalore,India
1124,MasterCard,www.amazon.com,Laptop,435.99,2019-05-19 23:34:53,Kolkata,India
1125,Maestro,www.ebay.com,HDMI Cable,351.04,2019-05-19 18:55:53,Chennai,India
1126,MasterCard,www.amazon.com,TV,443.27,2019-05-19 16:13:31,Bangkok,Thailand
1127,MasterCard,www.amazon.com,TV Stand,195.08,2019-05-19 11:37:46,Bangkok,Thailand
1128,MasterCard,www.ebay.com,Mobile Phone,24.37,2019-05-19 10:24:30,Bangkok,Thailand
1129,Maestro,www.amazon.com,Text Books,45.51,2019-05-19 21:23:31,Jerusalem,Israel
1130,MasterCard,www.amazon.com,TV,73.28,2019-05-19 18:30:52,Hyderabad,India
1131,Maestro,www.flipkart.com,Wrist Watch,244.57,2019-05-19 16:11:51,Hyderabad,India
1132,Visa,www.amazon.com,HDMI Cable,483.29,2019-05-19 13:16:48,New Delhi,Inida
1133,Visa,www.amazon.com,LAN Cable,411.61,2019-05-19 12:59:08,Jerusalem,Israel
1134,Visa,www.amazon.com,LAN Cable,128.48,2019-05-19 19:04:47,Bangkok,Thailand
1135,Maestro,www.snapdeal.com,TV,437.94,2019-05-19 01:31:09,London,United Kingdom
1136,Visa,www.flipkart.com,Laptop,498.30,2019-05-19 22:38:59,Paris,France
1137,MasterCard,www.ebay.com,Laptop,379.65,2019-05-19 05:39:35,Rome,Italy
1138,Maestro,www.ebay.com,Pen Drive,39.94,2019-05-19 21:17:53,Rome,Italy
1139,Visa,www.ebay.com,Pen Drive,168.22,2019-05-19 02:53:50,New York City,United States
1140,Maestro,www.ebay.com,External Hard Drive,83.83,2019-05-19 08:06:09,Hyderabad,India
1141,Maestro,www.ebay.com,Text Books,481.57,2019-05-19 00:21:36,Rome,Italy
1142,MasterCard,www.snapdeal.com,LAN Cable,541.71,2019-05-19 22:36:36,Rome,Italy
1143,Visa,www.snapdeal.com,Mobile Phone,181.65,2019-05-19 15:10:02,Mumbai,India
1144,Maestro,www.amazon.com,External Hard Drive,256.45,2019-05-19 13:36:55,Singapore,Singapore
1145,Maestro,www.flipkart.com,TV,383.34,2019-05-19 01:17:34,Kolkata,India
1146,MasterCard,www.ebay.com,External Hard Drive,327.10,2019-05-19 05:14:36,Chennai,India
1147,Maestro,www.ebay.com,Desktop Computer,278.43,2019-05-19 19:19:41,London,United Kingdom
1148,MasterCard,www.amazon.com,Desktop Computer,546.27,2019-05-19 03:05:04,Bangkok,Thailand
1149,Visa,www.snapdeal.com,Desktop Computer,54.52,2019-05-19 16:30:08,Kolkata,India
1150,Visa,www.flipkart.com,HDMI Cable,178.26,2019-05-19 13:38:37,New Delhi,Inida
1151,Maestro,www.flipkart.com,Pen Drive,97.00,2019-05-19 19:34:43,Jerusalem,Israel
1152,Visa,www.ebay.com,Desktop Computer,65.68,2019-05-19 16:06:30,Bangalore,India
1153,Visa,www.ebay.com,Mobile Phone,323.48,2019-05-19 09:07:09,New Delhi,Inida
1154,Visa,www.ebay.com,Laptop,55.09,2019-05-19 20:27:42,Pune,India
1155,Visa,www.ebay.com,Wrist Band,78.43,2019-05-19 12:35:47,Mumbai,India
1156,MasterCard,www.flipkart.com,Desktop Computer,189.33,2019-05-19 02:11:29,Bangalore,India
1157,Maestro,www.flipkart.com,Pen Drive,59.07,2019-05-19 13:29:32,Singapore,Singapore
1158,Visa,www.snapdeal.com,Desktop Computer,550.69,2019-05-19 20:43:35,Chennai,India
1159,Maestro,www.flipkart.com,HDMI Cable,538.46,2019-05-19 07:43:16,New Delhi,Inida
1160,Visa,www.ebay.com,Wrist Band,193.92,2019-05-19 18:07:02,New York City,United States
1161,Maestro,www.amazon.com,Wrist Band,39.87,2019-05-19 13:50:21,Singapore,Singapore
1162,Maestro,www.flipkart.com,Mobile Phone,396.43,2019-05-19 10:20:55,Mumbai,India
1163,Maestro,www.ebay.com,External Hard Drive,358.29,2019-05-19 22:10:16,Rome,Italy
1164,Visa,www.flipkart.com,Text Books,354.44,2019-05-19 11:17:49,New York City,United States
1165,Visa,www.flipkart.com,Mobile Phone,102.83,2019-05-19 03:12:09,New Delhi,Inida
1166,Maestro,www.ebay.com,HDMI Cable,445.65,2019-05-19 20:55:12,Rome,Italy
1167,Maestro,www.amazon.com,Wrist Band,255.42,2019-05-19 08:23:24,Paris,France
1168,Visa,www.snapdeal.com,External Hard Drive,502.51,2019-05-19 13:07:33,Chennai,India
1169,Maestro,www.flipkart.com,Text Books,410.86,2019-05-19 16:01:40,Chennai,India
1170,MasterCard,www.flipkart.com,HDMI Cable,398.45,2019-05-19 15:35:57,Jerusalem,Israel
1171,Maestro,www.flipkart.com,Text Books,213.85,2019-05-19 15:43:33,New Delhi,Inida
1172,Maestro,www.flipkart.com,TV,547.67,2019-05-19 07:31:32,Hyderabad,India
1173,Maestro,www.amazon.com,Wrist Watch,32.73,2019-05-19 23:31:50,Bangkok,Thailand
1174,MasterCard,www.ebay.com,Desktop Computer,485.90,2019-05-19 03:41:35,Jerusalem,Israel
1175,Visa,www.ebay.com,Laptop,240.78,2019-05-19 17:53:49,Mumbai,India
1176,Visa,www.snapdeal.com,Wrist Band,229.42,2019-05-19 05:36:47,Mumbai,India
1177,Visa,www.snapdeal.com,Text Books,288.54,2019-05-19 01:53:47,Hyderabad,India
1178,Visa,www.amazon.com,TV Stand,509.64,2019-05-19 10:13:23,New York City,United States
1179,Visa,www.snapdeal.com,LAN Cable,155.27,2019-05-19 00:17:00,Rome,Italy
1180,Visa,www.flipkart.com,Desktop Computer,534.32,2019-05-19 09:46:45,New Delhi,Inida
1181,Maestro,www.ebay.com,TV,277.65,2019-05-19 01:47:35,London,United Kingdom
1182,Visa,www.ebay.com,Wrist Band,20.19,2019-05-19 04:52:34,Rome,Italy
1183,MasterCard,www.snapdeal.com,Desktop Computer,346.45,2019-05-19 22:28:29,Chennai,India
1184,Visa,www.flipkart.com,TV,173.91,2019-05-19 22:12:47,Pune,India
1185,Visa,www.ebay.com,External Hard Drive,554.09,2019-05-19 12:06:24,Mumbai,India
1186,Maestro,www.snapdeal.com,Laptop,62.04,2019-05-19 13:59:47,New York City,United States
1187,Maestro,www.ebay.com,Desktop Computer,527.31,2019-05-19 13:55:59,Rome,Italy
1188,MasterCard,www.snapdeal.com,Text Books,363.54,2019-05-19 15:02:51,Rome,Italy
1189,MasterCard,www.flipkart.com,Wrist Watch,80.50,2019-05-19 15:53:03,Jerusalem,Israel
1190,Visa,www.snapdeal.com,External Hard Drive,7.05,2019-05-19 11:25:16,Bangalore,India
1191,Visa,www.ebay.com,HDMI Cable,28.47,2019-05-19 04:28:17,Rome,Italy
1192,Visa,www.ebay.com,LAN Cable,351.37,2019-05-19 21:43:45,Chennai,India
1193,Visa,www.amazon.com,Laptop,55.38,2019-05-19 19:42:18,Bangkok,Thailand
1194,Visa,www.flipkart.com,Pen Drive,123.50,2019-05-19 15:02:35,Rome,Italy
1195,Visa,www.amazon.com,TV,56.64,2019-05-19 17:42:43,New Delhi,Inida
1196,Maestro,www.amazon.com,Pen Drive,142.30,2019-05-19 14:55:38,Bangalore,India
1197,Visa,www.amazon.com,Pen Drive,22.71,2019-05-19 16:11:18,Bangalore,India
1198,Visa,www.flipkart.com,TV Stand,212.67,2019-05-19 09:28:47,New Delhi,Inida
1199,MasterCard,www.ebay.com,Text Books,199.33,2019-05-19 20:41:44,Hyderabad,India
1200,Visa,www.flipkart.com,Desktop Computer,91.10,2019-05-19 00:22:10,Singapore,Singapore
1201,MasterCard,www.amazon.com,LAN Cable,530.36,2019-05-19 19:29:49,Hyderabad,India
1202,Maestro,www.amazon.com,Wrist Band,110.84,2019-05-19 19:32:15,London,United Kingdom
1203,Maestro,www.snapdeal.com,Laptop,355.09,2019-05-19 12:09:57,Mumbai,India
1204,Maestro,www.ebay.com,TV,433.33,2019-05-19 07:10:31,Paris,France
1205,Visa,www.amazon.com,Laptop,483.10,2019-05-19 06:03:01,New York City,United States
1206,Visa,www.ebay.com,Wrist Band,365.97,2019-05-19 10:17:56,Bangalore,India
1207,MasterCard,www.flipkart.com,Text Books,515.38,2019-05-19 21:00:57,Mumbai,India
1208,Visa,www.snapdeal.com,Wrist Band,157.77,2019-05-19 08:02:27,Chennai,India
1209,MasterCard,www.snapdeal.com,Wrist Watch,440.20,2019-05-19 20:48:51,New Delhi,Inida
1210,Visa,www.snapdeal.com,Wrist Watch,364.78,2019-05-19 16:24:19,Rome,Italy
1211,MasterCard,www.ebay.com,HDMI Cable,73.28,2019-05-19 22:09:20,Mumbai,India
1212,Maestro,www.snapdeal.com,Pen Drive,408.60,2019-05-19 05:50:36,Kolkata,India
1213,Visa,www.snapdeal.com,Text Books,372.65,2019-05-19 21:16:41,Paris,France
1214,MasterCard,www.flipkart.com,TV,379.93,2019-05-19 19:13:04,Singapore,Singapore
1215,Maestro,www.ebay.com,Pen Drive,445.38,2019-05-19 08:22:18,New Delhi,Inida
1216,Maestro,www.ebay.com,TV Stand,405.79,2019-05-19 04:49:53,New Delhi,Inida
1217,Maestro,www.ebay.com,LAN Cable,112.26,2019-05-19 20:51:47,London,United Kingdom
1218,Maestro,www.snapdeal.com,External Hard Drive,191.94,2019-05-19 04:12:57,Kolkata,India
1219,MasterCard,www.flipkart.com,HDMI Cable,151.57,2019-05-19 18:52:23,London,United Kingdom
1220,MasterCard,www.ebay.com,Laptop,6.25,2019-05-19 13:44:37,Pune,India
1221,MasterCard,www.amazon.com,Wrist Watch,337.82,2019-05-19 17:55:21,New York City,United States
1222,MasterCard,www.amazon.com,Mobile Phone,264.83,2019-05-19 02:08:31,Hyderabad,India
1223,Visa,www.snapdeal.com,Text Books,61.11,2019-05-19 03:53:16,New Delhi,Inida
1224,Visa,www.amazon.com,Pen Drive,226.51,2019-05-19 07:39:40,Chennai,India
1225,Maestro,www.amazon.com,Wrist Band,486.65,2019-05-19 15:01:57,Kolkata,India
1226,MasterCard,www.amazon.com,Wrist Band,419.43,2019-05-19 11:13:56,Chennai,India
1227,Maestro,www.amazon.com,Laptop,242.62,2019-05-19 00:48:39,Pune,India
1228,Visa,www.ebay.com,Pen Drive,252.84,2019-05-19 02:45:44,New York City,United States
1229,Maestro,www.amazon.com,Mobile Phone,129.82,2019-05-19 14:27:28,New Delhi,Inida
1230,MasterCard,www.amazon.com,TV,278.68,2019-05-19 04:47:46,Kolkata,India
1231,MasterCard,www.ebay.com,TV,324.83,2019-05-19 17:20:01,New Delhi,Inida
1232,Maestro,www.amazon.com,Laptop,391.11,2019-05-19 23:30:04,Rome,Italy
1233,Maestro,www.flipkart.com,Pen Drive,529.83,2019-05-19 13:38:49,Bangkok,Thailand
1234,Maestro,www.ebay.com,LAN Cable,97.91,2019-05-19 18:20:49,New York City,United States
1235,Maestro,www.snapdeal.com,Desktop Computer,240.77,2019-05-19 11:25:02,Chennai,India
1236,Maestro,www.amazon.com,HDMI Cable,540.99,2019-05-19 16:40:31,Jerusalem,Israel
1237,MasterCard,www.ebay.com,HDMI Cable,342.29,2019-05-19 21:30:31,Hyderabad,India
1238,Maestro,www.snapdeal.com,Wrist Band,263.63,2019-05-19 12:18:45,New York City,United States
1239,Visa,www.amazon.com,Wrist Band,380.76,2019-05-19 18:53:08,Mumbai,India
1240,MasterCard,www.ebay.com,TV Stand,438.90,2019-05-19 17:01:17,Rome,Italy
1241,Visa,www.snapdeal.com,Pen Drive,170.33,2019-05-19 01:13:12,Pune,India
1242,Visa,www.flipkart.com,Text Books,455.78,2019-05-19 19:33:44,New York City,United States
1243,Visa,www.flipkart.com,Laptop,87.56,2019-05-19 22:21:56,Rome,Italy
1244,Visa,www.snapdeal.com,Desktop Computer,159.03,2019-05-19 21:25:25,Singapore,Singapore
1245,MasterCard,www.snapdeal.com,Wrist Watch,247.96,2019-05-19 23:59:07,Bangalore,India
1246,MasterCard,www.ebay.com,TV,93.58,2019-05-19 08:28:08,Bangalore,India
1247,Visa,www.ebay.com,Wrist Band,58.93,2019-05-19 10:42:28,Kolkata,India
1248,MasterCard,www.ebay.com,Text Books,156.68,2019-05-19 11:03:32,Pune,India
1249,Visa,www.ebay.com,Wrist Band,472.20,2019-05-19 12:22:05,Jerusalem,Israel
1250,MasterCard,www.ebay.com,TV,304.38,2019-05-19 11:41:33,New York City,United States
1251,Visa,www.ebay.com,Wrist Band,234.38,2019-05-19 06:33:46,London,United Kingdom
1252,Visa,www.amazon.com,Desktop Computer,368.63,2019-05-19 02:39:03,Chennai,India
1253,Visa,www.amazon.com,Desktop Computer,158.87,2019-05-19 21:08:46,Bangkok,Thailand
1254,Visa,www.ebay.com,External Hard Drive,462.65,2019-05-19 16:40:38,New Delhi,Inida
1255,Visa,www.snapdeal.com,Pen Drive,103.37,2019-05-19 18:11:44,New Delhi,Inida
1256,Maestro,www.ebay.com,TV,79.77,2019-05-19 04:04:32,New Delhi,Inida
1257,Maestro,www.amazon.com,Text Books,429.27,2019-05-19 08:54:44,Kolkata,India
1258,Maestro,www.ebay.com,Wrist Band,139.23,2019-05-19 09:44:12,Rome,Italy
1259,MasterCard,www.ebay.com,Laptop,513.94,2019-05-19 01:49:48,Hyderabad,India
1260,MasterCard,www.snapdeal.com,HDMI Cable,467.77,2019-05-19 13:23:12,Rome,Italy
1261,MasterCard,www.snapdeal.com,HDMI Cable,416.55,2019-05-19 15:47:15,Pune,India
1262,Visa,www.snapdeal.com,Text Books,126.48,2019-05-19 17:11:09,Pune,India
1263,MasterCard,www.snapdeal.com,Wrist Band,391.52,2019-05-19 18:14:39,Bangalore,India
1264,Visa,www.amazon.com,TV Stand,124.82,2019-05-19 05:58:48,Jerusalem,Israel
1265,MasterCard,www.amazon.com,Wrist Watch,198.97,2019-05-19 22:37:51,Paris,France
1266,Visa,www.snapdeal.com,LAN Cable,317.48,2019-05-19 06:14:49,Singapore,Singapore
1267,MasterCard,www.ebay.com,TV Stand,42.50,2019-05-19 11:46:17,Kolkata,India
1268,Maestro,www.flipkart.com,Wrist Band,33.11,2019-05-19 03:52:12,Pune,India
1269,Maestro,www.snapdeal.com,Pen Drive,161.00,2019-05-19 17:56:25,New York City,United States
1270,Maestro,www.flipkart.com,LAN Cable,65.92,2019-05-19 15:04:12,Mumbai,India
1271,Visa,www.amazon.com,Wrist Band,483.62,2019-05-19 20:44:14,Hyderabad,India
1272,Visa,www.snapdeal.com,Wrist Band,431.67,2019-05-19 00:16:01,Chennai,India
1273,MasterCard,www.amazon.com,Text Books,363.99,2019-05-19 09:39:42,Rome,Italy
1274,Maestro,www.snapdeal.com,Pen Drive,181.17,2019-05-19 08:19:56,Singapore,Singapore
1275,Maestro,www.amazon.com,Laptop,29.41,2019-05-19 12:23:51,Mumbai,India
1276,MasterCard,www.snapdeal.com,LAN Cable,142.73,2019-05-19 21:47:41,Jerusalem,Israel
1277,Maestro,www.amazon.com,Mobile Phone,491.44,2019-05-19 07:38:47,Chennai,India
1278,Maestro,www.flipkart.com,TV,283.38,2019-05-19 09:02:21,London,United Kingdom
1279,MasterCard,www.ebay.com,TV,53.14,2019-05-19 03:43:13,Hyderabad,India
1280,Visa,www.amazon.com,Wrist Watch,178.51,2019-05-19 06:07:23,Pune,India
1281,Visa,www.flipkart.com,Wrist Watch,512.90,2019-05-19 20:05:01,Kolkata,India
1282,MasterCard,www.ebay.com,Wrist Band,25.84,2019-05-19 21:14:28,Chennai,India
1283,Maestro,www.flipkart.com,Text Books,87.18,2019-05-19 07:02:51,Pune,India
1284,Maestro,www.flipkart.com,Text Books,327.92,2019-05-19 10:54:20,Kolkata,India
1285,Visa,www.snapdeal.com,Wrist Band,19.93,2019-05-19 02:27:02,New Delhi,Inida
1286,Visa,www.snapdeal.com,TV,257.88,2019-05-19 16:55:13,Paris,France
1287,MasterCard,www.amazon.com,External Hard Drive,133.81,2019-05-19 01:25:53,New York City,United States
1288,Visa,www.amazon.com,Text Books,211.86,2019-05-19 04:39:59,Chennai,India
1289,Visa,www.amazon.com,Text Books,494.95,2019-05-19 07:01:58,Pune,India
1290,MasterCard,www.ebay.com,TV,292.47,2019-05-19 23:03:43,Jerusalem,Israel
1291,Maestro,www.flipkart.com,TV Stand,421.87,2019-05-19 17:55:54,Pune,India
1292,Visa,www.snapdeal.com,LAN Cable,80.13,2019-05-19 17:48:36,Kolkata,India
1293,MasterCard,www.snapdeal.com,Text Books,89.33,2019-05-19 13:23:29,Bangalore,India
1294,MasterCard,www.ebay.com,External Hard Drive,224.72,2019-05-19 04:35:11,Kolkata,India
1295,MasterCard,www.snapdeal.com,TV Stand,497.68,2019-05-19 12:38:08,Mumbai,India
1296,MasterCard,www.ebay.com,Laptop,168.53,2019-05-19 10:14:18,New Delhi,Inida
1297,MasterCard,www.amazon.com,Laptop,27.12,2019-05-19 21:37:39,Chennai,India
1298,Visa,www.ebay.com,External Hard Drive,441.66,2019-05-19 00:29:21,Pune,India
1299,Visa,www.ebay.com,TV,171.63,2019-05-19 14:21:35,New York City,United States
1300,MasterCard,www.ebay.com,TV Stand,353.45,2019-05-19 03:38:25,New Delhi,Inida
1301,Maestro,www.amazon.com,HDMI Cable,268.49,2019-05-19 20:09:11,Chennai,India
1302,Maestro,www.ebay.com,TV,215.40,2019-05-19 18:04:00,Pune,India
1303,MasterCard,www.flipkart.com,Mobile Phone,319.17,2019-05-19 13:24:01,Jerusalem,Israel
1304,Visa,www.flipkart.com,Laptop,431.05,2019-05-19 00:08:05,Singapore,Singapore
1305,Visa,www.snapdeal.com,Laptop,543.80,2019-05-19 04:38:32,New Delhi,Inida
1306,Maestro,www.amazon.com,Desktop Computer,401.25,2019-05-19 16:34:33,Bangalore,India
1307,MasterCard,www.flipkart.com,Text Books,163.76,2019-05-19 19:38:58,Rome,Italy
1308,Visa,www.snapdeal.com,Wrist Band,356.47,2019-05-19 03:08:38,Hyderabad,India
1309,Maestro,www.amazon.com,External Hard Drive,468.11,2019-05-19 20:39:39,Mumbai,India
1310,MasterCard,www.snapdeal.com,External Hard Drive,195.61,2019-05-19 00:31:38,Rome,Italy
1311,MasterCard,www.flipkart.com,Laptop,418.97,2019-05-19 04:34:48,Hyderabad,India
1312,MasterCard,www.ebay.com,TV,336.48,2019-05-19 12:48:36,Mumbai,India
1313,MasterCard,www.amazon.com,Pen Drive,455.10,2019-05-19 09:05:43,Singapore,Singapore
1314,MasterCard,www.ebay.com,TV,448.98,2019-05-19 22:34:26,Pune,India
1315,MasterCard,www.amazon.com,LAN Cable,257.05,2019-05-19 23:26:26,New Delhi,Inida
1316,Visa,www.ebay.com,Wrist Band,42.65,2019-05-19 03:48:00,Rome,Italy
1317,Maestro,www.flipkart.com,Text Books,432.81,2019-05-19 07:02:59,Bangkok,Thailand
1318,Maestro,www.flipkart.com,Desktop Computer,161.59,2019-05-19 21:48:50,Singapore,Singapore
1319,MasterCard,www.snapdeal.com,HDMI Cable,317.72,2019-05-19 03:26:15,Bangalore,India
1320,Maestro,www.flipkart.com,LAN Cable,425.80,2019-05-19 22:23:39,Mumbai,India
1321,MasterCard,www.snapdeal.com,Text Books,290.15,2019-05-19 17:05:35,London,United Kingdom
1322,Visa,www.ebay.com,Wrist Band,528.37,2019-05-19 20:28:51,Bangalore,India
1323,MasterCard,www.ebay.com,Pen Drive,67.16,2019-05-19 23:39:47,Bangalore,India
1324,Maestro,www.flipkart.com,Text Books,290.47,2019-05-19 09:40:17,Jerusalem,Israel
1325,Visa,www.ebay.com,Wrist Band,213.13,2019-05-19 12:31:30,Kolkata,India
1326,Maestro,www.ebay.com,Desktop Computer,394.69,2019-05-19 01:03:46,Singapore,Singapore
1327,Visa,www.amazon.com,Wrist Watch,525.51,2019-05-19 16:41:20,New York City,United States
1328,Maestro,www.ebay.com,Wrist Band,92.28,2019-05-19 07:46:47,Hyderabad,India
1329,MasterCard,www.flipkart.com,TV,312.36,2019-05-19 17:27:00,Singapore,Singapore
1330,Visa,www.flipkart.com,TV Stand,427.01,2019-05-19 12:23:52,New Delhi,Inida
1331,Maestro,www.amazon.com,TV Stand,335.17,2019-05-19 10:39:00,London,United Kingdom
1332,MasterCard,www.ebay.com,TV,187.44,2019-05-19 03:24:53,Paris,France
1333,MasterCard,www.flipkart.com,Mobile Phone,121.56,2019-05-19 23:28:11,Paris,France
1334,Maestro,www.snapdeal.com,Laptop,492.68,2019-05-19 22:29:11,Pune,India
1335,Maestro,www.amazon.com,HDMI Cable,509.53,2019-05-19 07:37:33,Chennai,India
1336,MasterCard,www.snapdeal.com,External Hard Drive,418.74,2019-05-19 09:39:36,Singapore,Singapore
1337,MasterCard,www.flipkart.com,Wrist Watch,164.48,2019-05-19 01:51:19,New Delhi,Inida
1338,Maestro,www.amazon.com,Wrist Watch,329.03,2019-05-19 19:41:39,Hyderabad,India
1339,MasterCard,www.flipkart.com,HDMI Cable,522.47,2019-05-19 00:29:09,Singapore,Singapore
1340,Maestro,www.amazon.com,TV Stand,90.18,2019-05-19 12:45:49,Mumbai,India
1341,Maestro,www.snapdeal.com,Wrist Watch,157.95,2019-05-19 11:27:27,Bangalore,India
1342,Visa,www.amazon.com,Mobile Phone,327.77,2019-05-19 08:11:20,New York City,United States
1343,Maestro,www.amazon.com,Desktop Computer,483.34,2019-05-19 14:25:19,Hyderabad,India
1344,Maestro,www.amazon.com,TV,305.81,2019-05-19 11:34:51,Rome,Italy
1345,MasterCard,www.ebay.com,Wrist Watch,249.88,2019-05-19 18:05:23,Rome,Italy
1346,Maestro,www.amazon.com,HDMI Cable,451.65,2019-05-19 20:22:27,Chennai,India
1347,Maestro,www.snapdeal.com,TV,156.97,2019-05-19 12:38:23,Jerusalem,Israel
1348,Visa,www.snapdeal.com,Desktop Computer,356.25,2019-05-19 11:27:57,Rome,Italy
1349,MasterCard,www.amazon.com,Text Books,399.55,2019-05-19 12:41:18,Pune,India
1350,Maestro,www.snapdeal.com,Text Books,460.70,2019-05-19 09:48:02,New Delhi,Inida
1351,MasterCard,www.ebay.com,TV,445.55,2019-05-19 18:42:07,Jerusalem,Israel
1352,Visa,www.flipkart.com,LAN Cable,313.58,2019-05-19 03:41:52,Paris,France
1353,MasterCard,www.snapdeal.com,Laptop,330.43,2019-05-19 21:53:10,Hyderabad,India
1354,Maestro,www.snapdeal.com,HDMI Cable,316.62,2019-05-19 08:16:13,Bangalore,India
1355,Maestro,www.ebay.com,External Hard Drive,480.63,2019-05-19 15:50:42,Mumbai,India
1356,MasterCard,www.snapdeal.com,TV Stand,389.45,2019-05-19 06:09:36,Rome,Italy
1357,MasterCard,www.ebay.com,Wrist Band,294.47,2019-05-19 21:08:37,Chennai,India
1358,MasterCard,www.amazon.com,Laptop,474.49,2019-05-19 00:35:16,Singapore,Singapore
1359,MasterCard,www.snapdeal.com,TV Stand,442.66,2019-05-19 00:09:59,Bangalore,India
1360,Maestro,www.flipkart.com,TV,55.26,2019-05-19 14:29:13,Rome,Italy
1361,Maestro,www.amazon.com,Pen Drive,476.79,2019-05-19 13:11:17,Kolkata,India
1362,MasterCard,www.flipkart.com,Text Books,470.90,2019-05-19 20:26:59,Singapore,Singapore
1363,Visa,www.amazon.com,TV Stand,496.47,2019-05-19 07:27:37,Hyderabad,India
1364,Maestro,www.flipkart.com,Text Books,96.23,2019-05-19 12:35:08,Mumbai,India
1365,Maestro,www.amazon.com,Text Books,211.12,2019-05-19 20:10:07,Rome,Italy
1366,MasterCard,www.ebay.com,TV,368.45,2019-05-19 12:55:49,Jerusalem,Israel
1367,MasterCard,www.snapdeal.com,Wrist Band,380.02,2019-05-19 11:57:05,Rome,Italy
1368,Maestro,www.snapdeal.com,Wrist Band,328.78,2019-05-19 11:04:48,Pune,India
1369,Maestro,www.snapdeal.com,Wrist Band,275.50,2019-05-19 20:44:05,New Delhi,Inida
1370,MasterCard,www.flipkart.com,Pen Drive,438.51,2019-05-19 12:28:14,Chennai,India
1371,Maestro,www.snapdeal.com,HDMI Cable,185.73,2019-05-19 15:41:56,New York City,United States
1372,Visa,www.amazon.com,Wrist Watch,297.03,2019-05-19 11:54:27,Bangkok,Thailand
1373,Visa,www.ebay.com,Pen Drive,498.12,2019-05-19 23:03:37,Kolkata,India
1374,Visa,www.ebay.com,Mobile Phone,246.19,2019-05-19 14:46:44,Jerusalem,Israel
1375,Maestro,www.flipkart.com,Wrist Band,128.84,2019-05-19 20:06:01,Bangkok,Thailand
1376,Visa,www.ebay.com,Wrist Band,197.96,2019-05-19 20:43:51,Chennai,India
1377,Visa,www.ebay.com,TV,409.11,2019-05-19 13:53:34,Rome,Italy
1378,Maestro,www.ebay.com,Desktop Computer,155.31,2019-05-19 06:02:28,Bangalore,India
1379,Visa,www.flipkart.com,LAN Cable,415.34,2019-05-19 21:46:08,Rome,Italy
1380,MasterCard,www.snapdeal.com,Desktop Computer,475.59,2019-05-19 04:13:17,London,United Kingdom
1381,Visa,www.ebay.com,Mobile Phone,351.03,2019-05-19 21:57:05,Kolkata,India
1382,MasterCard,www.flipkart.com,Mobile Phone,293.25,2019-05-19 00:07:52,New York City,United States
1383,Visa,www.ebay.com,Laptop,10.78,2019-05-19 18:08:52,New Delhi,Inida
1384,Visa,www.flipkart.com,Wrist Band,313.48,2019-05-19 23:44:20,Bangkok,Thailand
1385,MasterCard,www.ebay.com,LAN Cable,357.31,2019-05-19 18:40:29,Rome,Italy
1386,Visa,www.flipkart.com,Wrist Watch,124.72,2019-05-19 18:34:18,Bangalore,India
1387,Maestro,www.ebay.com,Text Books,142.32,2019-05-19 19:19:14,Pune,India
1388,MasterCard,www.ebay.com,External Hard Drive,300.57,2019-05-19 15:46:55,Singapore,Singapore
1389,Visa,www.ebay.com,TV,387.25,2019-05-19 07:29:35,Pune,India
1390,Visa,www.snapdeal.com,HDMI Cable,272.47,2019-05-19 22:03:49,Mumbai,India
1391,Maestro,www.snapdeal.com,Desktop Computer,210.11,2019-05-19 09:03:23,Mumbai,India
1392,MasterCard,www.snapdeal.com,Text Books,51.37,2019-05-19 16:43:09,New York City,United States
1393,Maestro,www.amazon.com,Laptop,363.65,2019-05-19 23:56:58,Paris,France
1394,Maestro,www.amazon.com,Pen Drive,50.71,2019-05-19 07:02:32,Singapore,Singapore
1395,Visa,www.flipkart.com,TV,379.92,2019-05-19 17:24:58,Bangalore,India
1396,MasterCard,www.amazon.com,LAN Cable,55.54,2019-05-19 03:16:29,Chennai,India
1397,MasterCard,www.amazon.com,Wrist Watch,153.54,2019-05-19 08:23:14,Jerusalem,Israel
1398,Visa,www.ebay.com,Pen Drive,267.01,2019-05-19 08:14:06,London,United Kingdom
1399,Visa,www.snapdeal.com,Mobile Phone,333.14,2019-05-19 19:43:20,Jerusalem,Israel
1400,MasterCard,www.amazon.com,TV Stand,23.56,2019-05-19 15:39:35,Pune,India
1401,Maestro,www.snapdeal.com,Pen Drive,396.07,2019-05-19 19:58:54,Bangalore,India
1402,Maestro,www.ebay.com,External Hard Drive,439.15,2019-05-19 01:47:24,Chennai,India
1403,MasterCard,www.flipkart.com,Laptop,480.43,2019-05-19 14:36:29,Hyderabad,India
1404,Visa,www.ebay.com,Desktop Computer,305.97,2019-05-19 21:44:48,Paris,France
1405,Maestro,www.flipkart.com,Laptop,88.22,2019-05-19 07:06:23,New York City,United States
1406,Visa,www.flipkart.com,Pen Drive,531.04,2019-05-19 21:41:35,Kolkata,India
1407,Maestro,www.ebay.com,External Hard Drive,335.34,2019-05-19 12:04:40,Bangkok,Thailand
1408,Maestro,www.ebay.com,Pen Drive,541.91,2019-05-19 03:10:54,Jerusalem,Israel
1409,Visa,www.flipkart.com,HDMI Cable,414.21,2019-05-19 14:35:33,Bangalore,India
1410,Maestro,www.ebay.com,Wrist Watch,30.96,2019-05-19 06:17:06,Jerusalem,Israel
1411,Visa,www.snapdeal.com,LAN Cable,199.26,2019-05-19 20:54:40,New Delhi,Inida
1412,Maestro,www.amazon.com,LAN Cable,131.82,2019-05-19 09:04:34,Chennai,India
1413,Visa,www.ebay.com,TV,98.78,2019-05-19 10:32:24,Jerusalem,Israel
1414,Maestro,www.amazon.com,Wrist Watch,113.92,2019-05-19 11:23:43,New Delhi,Inida
1415,MasterCard,www.amazon.com,TV Stand,487.48,2019-05-19 18:32:25,New York City,United States
1416,Maestro,www.amazon.com,TV,206.82,2019-05-19 19:32:30,New York City,United States
1417,Maestro,www.ebay.com,External Hard Drive,78.26,2019-05-19 19:19:09,Jerusalem,Israel
1418,Maestro,www.amazon.com,Wrist Band,435.30,2019-05-19 10:07:18,Paris,France
1419,Visa,www.snapdeal.com,HDMI Cable,77.71,2019-05-19 23:40:29,Pune,India
1420,MasterCard,www.ebay.com,TV,225.41,2019-05-19 04:50:19,Pune,India
1421,Maestro,www.snapdeal.com,Desktop Computer,94.25,2019-05-19 19:28:52,Paris,France
1422,Visa,www.snapdeal.com,Pen Drive,272.43,2019-05-19 08:53:51,Hyderabad,India
1423,Maestro,www.snapdeal.com,Mobile Phone,453.51,2019-05-19 08:54:14,Bangalore,India
1424,Visa,www.amazon.com,Wrist Watch,493.06,2019-05-19 18:44:43,Mumbai,India
1425,MasterCard,www.flipkart.com,HDMI Cable,96.52,2019-05-19 21:23:05,Bangkok,Thailand
1426,Visa,www.snapdeal.com,Text Books,234.45,2019-05-19 06:48:28,Rome,Italy
1427,MasterCard,www.amazon.com,Mobile Phone,9.39,2019-05-19 22:23:59,Singapore,Singapore
1428,MasterCard,www.ebay.com,Text Books,193.46,2019-05-19 03:28:20,Bangalore,India
1429,MasterCard,www.ebay.com,Wrist Watch,86.23,2019-05-19 23:19:22,Hyderabad,India
1430,MasterCard,www.ebay.com,TV Stand,104.62,2019-05-19 06:52:20,Mumbai,India
1431,Visa,www.snapdeal.com,Mobile Phone,46.64,2019-05-19 00:57:20,New Delhi,Inida
1432,Maestro,www.snapdeal.com,External Hard Drive,310.22,2019-05-19 22:03:56,Singapore,Singapore
1433,Maestro,www.amazon.com,External Hard Drive,89.43,2019-05-19 01:41:55,London,United Kingdom
1434,Visa,www.flipkart.com,TV Stand,395.93,2019-05-19 05:45:21,Bangalore,India
1435,Visa,www.snapdeal.com,Pen Drive,168.80,2019-05-19 08:59:22,Bangkok,Thailand
1436,MasterCard,www.flipkart.com,Pen Drive,102.04,2019-05-19 11:29:11,Rome,Italy
1437,Visa,www.amazon.com,Mobile Phone,34.61,2019-05-19 02:59:39,Bangkok,Thailand
1438,Maestro,www.ebay.com,LAN Cable,402.37,2019-05-19 17:29:31,Hyderabad,India
1439,MasterCard,www.amazon.com,LAN Cable,29.49,2019-05-19 11:47:31,Rome,Italy
1440,MasterCard,www.snapdeal.com,Mobile Phone,376.57,2019-05-19 06:05:43,Mumbai,India
1441,Maestro,www.snapdeal.com,Wrist Watch,539.59,2019-05-19 10:16:49,Rome,Italy
1442,Visa,www.amazon.com,Pen Drive,178.95,2019-05-19 10:17:10,Bangalore,India
1443,Visa,www.ebay.com,TV,214.62,2019-05-19 13:34:59,Bangkok,Thailand
1444,MasterCard,www.snapdeal.com,Laptop,221.26,2019-05-19 13:15:56,Rome,Italy
1445,Visa,www.flipkart.com,TV Stand,430.46,2019-05-19 06:09:30,Kolkata,India
1446,Visa,www.ebay.com,TV,530.36,2019-05-19 17:53:26,Chennai,India
1447,Visa,www.flipkart.com,Pen Drive,508.48,2019-05-19 15:16:48,Chennai,India
1448,MasterCard,www.ebay.com,Mobile Phone,286.23,2019-05-19 20:27:37,Chennai,India
1449,MasterCard,www.ebay.com,HDMI Cable,410.82,2019-05-19 19:38:39,Bangalore,India
1450,Maestro,www.ebay.com,Text Books,202.12,2019-05-19 05:34:20,Paris,France
1451,MasterCard,www.flipkart.com,Desktop Computer,94.13,2019-05-19 11:12:05,Pune,India
1452,MasterCard,www.flipkart.com,Text Books,450.20,2019-05-19 07:45:12,Bangalore,India
1453,MasterCard,www.flipkart.com,TV Stand,458.42,2019-05-19 19:38:02,Hyderabad,India
1454,Maestro,www.ebay.com,Pen Drive,30.16,2019-05-19 08:58:54,Kolkata,India
1455,MasterCard,www.ebay.com,HDMI Cable,403.41,2019-05-19 04:15:49,Hyderabad,India
1456,Visa,www.amazon.com,External Hard Drive,238.83,2019-05-19 21:55:57,Chennai,India
1457,Maestro,www.flipkart.com,Wrist Watch,162.12,2019-05-19 15:13:15,Singapore,Singapore
1458,MasterCard,www.amazon.com,Desktop Computer,504.03,2019-05-19 20:48:05,Singapore,Singapore
1459,Maestro,www.ebay.com,Desktop Computer,506.99,2019-05-19 11:31:51,Singapore,Singapore
1460,Visa,www.ebay.com,Mobile Phone,13.71,2019-05-19 03:07:29,New Delhi,Inida
1461,Visa,www.flipkart.com,Text Books,359.46,2019-05-19 23:00:26,New York City,United States
1462,Maestro,www.ebay.com,External Hard Drive,317.91,2019-05-19 22:30:46,Singapore,Singapore
1463,Visa,www.amazon.com,Desktop Computer,232.55,2019-05-19 05:38:28,Singapore,Singapore
1464,MasterCard,www.ebay.com,TV,360.58,2019-05-19 23:14:41,Bangalore,India
1465,Visa,www.snapdeal.com,TV Stand,167.31,2019-05-19 20:51:51,New York City,United States
1466,MasterCard,www.snapdeal.com,Laptop,511.25,2019-05-19 18:08:13,London,United Kingdom
1467,Visa,www.amazon.com,TV,407.23,2019-05-19 23:04:22,Singapore,Singapore
1468,Maestro,www.snapdeal.com,Text Books,502.54,2019-05-19 16:48:31,New Delhi,Inida
1469,Visa,www.flipkart.com,TV Stand,340.98,2019-05-19 15:30:15,Chennai,India
1470,Visa,www.ebay.com,HDMI Cable,23.23,2019-05-19 22:33:52,Jerusalem,Israel
1471,Visa,www.flipkart.com,TV,416.78,2019-05-19 16:33:08,Paris,France
1472,Visa,www.amazon.com,Pen Drive,540.02,2019-05-19 02:49:15,New Delhi,Inida
1473,MasterCard,www.amazon.com,Wrist Band,68.52,2019-05-19 06:43:02,London,United Kingdom
1474,MasterCard,www.ebay.com,External Hard Drive,365.30,2019-05-19 16:13:42,New York City,United States
1475,MasterCard,www.snapdeal.com,Wrist Watch,49.95,2019-05-19 15:27:03,Pune,India
1476,MasterCard,www.ebay.com,Laptop,389.48,2019-05-19 14:26:36,Rome,Italy
1477,MasterCard,www.flipkart.com,Desktop Computer,455.36,2019-05-19 15:53:30,Kolkata,India
1478,Maestro,www.amazon.com,Laptop,310.08,2019-05-19 08:15:54,Jerusalem,Israel
1479,Maestro,www.snapdeal.com,TV,346.40,2019-05-19 07:43:51,Kolkata,India
1480,Visa,www.amazon.com,Mobile Phone,420.17,2019-05-19 12:45:13,Singapore,Singapore
1481,MasterCard,www.snapdeal.com,Pen Drive,294.33,2019-05-19 06:06:06,Kolkata,India
1482,Maestro,www.amazon.com,HDMI Cable,509.21,2019-05-19 03:18:16,Mumbai,India
1483,MasterCard,www.flipkart.com,TV,396.01,2019-05-19 10:30:56,London,United Kingdom
1484,MasterCard,www.ebay.com,Mobile Phone,98.90,2019-05-19 02:09:30,Chennai,India
1485,Maestro,www.flipkart.com,Laptop,285.67,2019-05-19 20:57:20,Hyderabad,India
1486,Visa,www.flipkart.com,Mobile Phone,154.08,2019-05-19 04:06:36,Hyderabad,India
1487,Maestro,www.amazon.com,LAN Cable,189.92,2019-05-19 15:57:05,Jerusalem,Israel
1488,Maestro,www.ebay.com,Wrist Band,454.02,2019-05-19 05:59:44,Pune,India
1489,MasterCard,www.ebay.com,LAN Cable,397.02,2019-05-19 10:23:25,Jerusalem,Israel
1490,Maestro,www.ebay.com,Text Books,215.14,2019-05-19 09:25:47,New York City,United States
1491,Visa,www.snapdeal.com,TV,348.30,2019-05-19 18:07:52,Bangkok,Thailand
1492,MasterCard,www.flipkart.com,HDMI Cable,281.22,2019-05-19 11:33:48,London,United Kingdom
1493,Visa,www.snapdeal.com,Pen Drive,195.62,2019-05-19 18:20:37,Singapore,Singapore
1494,MasterCard,www.ebay.com,Wrist Band,547.06,2019-05-19 06:52:55,Paris,France
1495,MasterCard,www.snapdeal.com,Text Books,166.45,2019-05-19 11:56:54,Singapore,Singapore
1496,MasterCard,www.flipkart.com,Desktop Computer,444.00,2019-05-19 08:37:45,Jerusalem,Israel
1497,Visa,www.amazon.com,External Hard Drive,287.48,2019-05-19 03:07:16,Singapore,Singapore
1498,Visa,www.amazon.com,Text Books,257.16,2019-05-19 19:01:03,Mumbai,India
1499,Visa,www.ebay.com,Text Books,465.88,2019-05-19 18:51:21,Pune,India
1500,Maestro,www.ebay.com,Wrist Watch,220.38,2019-05-19 05:50:27,Singapore,Singapore
1501,MasterCard,www.flipkart.com,Wrist Watch,142.53,2019-05-19 13:24:07,Chennai,India
1502,Maestro,www.amazon.com,Text Books,121.39,2019-05-19 13:50:46,Bangalore,India
1503,Maestro,www.snapdeal.com,Wrist Watch,486.77,2019-05-19 16:16:39,Chennai,India
1504,Maestro,www.amazon.com,Text Books,206.39,2019-05-19 21:18:27,Rome,Italy
1505,Visa,www.ebay.com,TV Stand,490.61,2019-05-19 11:49:22,Rome,Italy
1506,Visa,www.ebay.com,Text Books,356.07,2019-05-19 07:55:49,Kolkata,India
1507,Visa,www.amazon.com,External Hard Drive,524.37,2019-05-19 19:11:50,Kolkata,India
1508,Visa,www.ebay.com,Laptop,326.15,2019-05-19 18:54:50,Rome,Italy
1509,MasterCard,www.flipkart.com,HDMI Cable,283.11,2019-05-19 16:53:49,Kolkata,India
1510,MasterCard,www.amazon.com,HDMI Cable,104.58,2019-05-19 03:17:38,Paris,France
1511,Maestro,www.ebay.com,Text Books,270.50,2019-05-19 23:21:53,Paris,France
1512,Maestro,www.amazon.com,Desktop Computer,164.27,2019-05-19 23:00:48,Bangalore,India
1513,Maestro,www.flipkart.com,Mobile Phone,222.10,2019-05-19 08:12:11,Jerusalem,Israel
1514,MasterCard,www.flipkart.com,Text Books,210.88,2019-05-19 15:01:48,London,United Kingdom
1515,MasterCard,www.ebay.com,External Hard Drive,287.84,2019-05-19 10:37:07,Chennai,India
1516,Maestro,www.flipkart.com,TV Stand,289.43,2019-05-19 13:29:31,Paris,France
1517,MasterCard,www.snapdeal.com,Wrist Band,369.49,2019-05-19 17:51:56,Pune,India
1518,Visa,www.amazon.com,HDMI Cable,533.84,2019-05-19 14:38:48,Chennai,India
1519,Maestro,www.snapdeal.com,Mobile Phone,165.17,2019-05-19 07:29:18,New Delhi,Inida
1520,Visa,www.amazon.com,Text Books,341.24,2019-05-19 18:18:20,Mumbai,India
1521,Visa,www.amazon.com,Desktop Computer,205.13,2019-05-19 20:08:33,Hyderabad,India
1522,MasterCard,www.amazon.com,External Hard Drive,442.49,2019-05-19 15:46:02,Paris,France
1523,Visa,www.ebay.com,Wrist Watch,440.49,2019-05-19 04:32:04,New Delhi,Inida
1524,MasterCard,www.flipkart.com,HDMI Cable,315.51,2019-05-19 06:19:19,Jerusalem,Israel
1525,Maestro,www.ebay.com,LAN Cable,408.67,2019-05-19 18:04:18,Rome,Italy
1526,Maestro,www.ebay.com,TV Stand,248.80,2019-05-19 02:04:01,Jerusalem,Israel
1527,Maestro,www.ebay.com,Mobile Phone,408.50,2019-05-19 17:29:03,Hyderabad,India
1528,MasterCard,www.amazon.com,Pen Drive,219.75,2019-05-19 04:50:24,Jerusalem,Israel
1529,MasterCard,www.snapdeal.com,TV Stand,174.94,2019-05-19 05:14:48,Jerusalem,Israel
1530,Maestro,www.snapdeal.com,Wrist Band,441.01,2019-05-19 18:51:32,London,United Kingdom
1531,Visa,www.flipkart.com,LAN Cable,427.18,2019-05-19 13:30:50,Mumbai,India
1532,MasterCard,www.flipkart.com,TV,306.87,2019-05-19 01:32:06,Hyderabad,India
1533,Visa,www.amazon.com,Text Books,329.93,2019-05-19 19:26:37,Singapore,Singapore
1534,MasterCard,www.amazon.com,TV,219.73,2019-05-19 19:43:29,Bangkok,Thailand
1535,MasterCard,www.ebay.com,TV Stand,188.57,2019-05-19 11:13:30,Rome,Italy
1536,Maestro,www.ebay.com,TV,132.63,2019-05-19 00:35:19,Jerusalem,Israel
1537,MasterCard,www.flipkart.com,TV Stand,117.02,2019-05-19 06:41:20,London,United Kingdom
1538,Maestro,www.flipkart.com,Mobile Phone,150.52,2019-05-19 11:19:48,Kolkata,India
1539,MasterCard,www.flipkart.com,TV,507.49,2019-05-19 03:14:45,New York City,United States
1540,Maestro,www.ebay.com,LAN Cable,334.44,2019-05-19 05:29:09,Bangkok,Thailand
1541,Visa,www.ebay.com,LAN Cable,139.25,2019-05-19 18:15:40,Mumbai,India
1542,Visa,www.snapdeal.com,Text Books,156.61,2019-05-19 08:28:19,Singapore,Singapore
1543,Maestro,www.ebay.com,Laptop,524.64,2019-05-19 09:36:00,Paris,France
1544,Visa,www.amazon.com,Laptop,92.19,2019-05-19 01:10:15,New York City,United States
1545,MasterCard,www.snapdeal.com,External Hard Drive,251.61,2019-05-19 01:58:03,Mumbai,India
1546,Visa,www.snapdeal.com,Laptop,513.32,2019-05-19 05:26:52,Pune,India
1547,Visa,www.flipkart.com,Wrist Watch,131.27,2019-05-19 07:17:46,Bangkok,Thailand
1548,Maestro,www.ebay.com,Laptop,273.43,2019-05-19 08:49:41,New York City,United States
1549,MasterCard,www.ebay.com,TV,327.49,2019-05-19 13:39:10,Kolkata,India
1550,Maestro,www.ebay.com,TV,499.03,2019-05-19 19:30:47,Bangkok,Thailand
1551,MasterCard,www.snapdeal.com,Wrist Band,324.08,2019-05-19 17:16:49,Bangkok,Thailand
1552,Visa,www.amazon.com,TV Stand,87.04,2019-05-19 08:32:38,Bangkok,Thailand
1553,MasterCard,www.flipkart.com,Wrist Band,239.30,2019-05-19 04:56:36,Rome,Italy
1554,Maestro,www.amazon.com,TV Stand,312.96,2019-05-19 06:00:31,London,United Kingdom
1555,Visa,www.amazon.com,Mobile Phone,75.88,2019-05-19 17:02:17,Hyderabad,India
1556,Visa,www.ebay.com,Pen Drive,22.17,2019-05-19 02:21:41,Pune,India
1557,Visa,www.amazon.com,Desktop Computer,146.41,2019-05-19 07:51:47,New York City,United States
1558,MasterCard,www.snapdeal.com,Pen Drive,40.45,2019-05-19 23:05:51,Kolkata,India
1559,Maestro,www.flipkart.com,Mobile Phone,185.10,2019-05-19 13:31:53,Chennai,India
1560,Maestro,www.snapdeal.com,Pen Drive,251.53,2019-05-19 06:51:25,Mumbai,India
1561,MasterCard,www.flipkart.com,Desktop Computer,282.53,2019-05-19 00:06:01,Pune,India
1562,Maestro,www.ebay.com,Wrist Watch,491.16,2019-05-19 09:44:17,New Delhi,Inida
1563,MasterCard,www.ebay.com,TV Stand,297.37,2019-05-19 03:11:27,Bangalore,India
1564,Maestro,www.snapdeal.com,Mobile Phone,303.38,2019-05-19 01:54:35,Kolkata,India
1565,Maestro,www.ebay.com,Text Books,298.35,2019-05-19 11:14:34,Jerusalem,Israel
1566,Maestro,www.snapdeal.com,Pen Drive,160.53,2019-05-19 23:29:52,Singapore,Singapore
1567,MasterCard,www.flipkart.com,Laptop,102.66,2019-05-19 18:11:01,London,United Kingdom
1568,MasterCard,www.amazon.com,TV,53.75,2019-05-19 21:08:37,Mumbai,India
1569,Visa,www.ebay.com,Wrist Watch,359.91,2019-05-19 17:01:18,Rome,Italy
1570,Maestro,www.amazon.com,TV Stand,295.02,2019-05-19 08:50:46,Bangkok,Thailand
1571,Visa,www.ebay.com,Wrist Band,187.08,2019-05-19 08:35:49,Bangkok,Thailand
1572,Maestro,www.flipkart.com,Wrist Band,187.65,2019-05-19 15:32:20,Rome,Italy
1573,Visa,www.ebay.com,LAN Cable,428.28,2019-05-19 09:52:24,Bangkok,Thailand
1574,Maestro,www.snapdeal.com,External Hard Drive,318.70,2019-05-19 09:28:30,Bangkok,Thailand
1575,Maestro,www.snapdeal.com,Wrist Band,211.95,2019-05-19 15:26:26,Hyderabad,India
1576,Maestro,www.ebay.com,LAN Cable,346.90,2019-05-19 06:44:24,Chennai,India
1577,Visa,www.flipkart.com,Text Books,237.46,2019-05-19 10:35:38,Bangkok,Thailand
1578,Maestro,www.snapdeal.com,Laptop,44.76,2019-05-19 05:21:24,Hyderabad,India
1579,MasterCard,www.snapdeal.com,TV,512.15,2019-05-19 18:06:45,Paris,France
1580,MasterCard,www.amazon.com,Mobile Phone,337.74,2019-05-19 19:45:55,Rome,Italy
1581,Visa,www.ebay.com,Pen Drive,33.26,2019-05-19 12:22:33,Kolkata,India
1582,MasterCard,www.amazon.com,HDMI Cable,50.01,2019-05-19 06:24:03,Mumbai,India
1583,Maestro,www.ebay.com,HDMI Cable,435.96,2019-05-19 06:47:50,Chennai,India
1584,MasterCard,www.amazon.com,HDMI Cable,366.33,2019-05-19 06:01:36,Paris,France
1585,Maestro,www.amazon.com,LAN Cable,50.68,2019-05-19 08:53:08,Singapore,Singapore
1586,Visa,www.flipkart.com,Wrist Watch,58.16,2019-05-19 20:14:33,Hyderabad,India
1587,MasterCard,www.snapdeal.com,Wrist Band,312.02,2019-05-19 06:58:19,New Delhi,Inida
1588,MasterCard,www.snapdeal.com,TV Stand,466.66,2019-05-19 08:16:24,Pune,India
1589,MasterCard,www.flipkart.com,Text Books,409.88,2019-05-19 06:53:26,Hyderabad,India
1590,Maestro,www.ebay.com,Wrist Watch,14.98,2019-05-19 00:51:44,Jerusalem,Israel
1591,Maestro,www.ebay.com,Desktop Computer,15.86,2019-05-19 10:26:28,Hyderabad,India
1592,Maestro,www.amazon.com,Mobile Phone,164.85,2019-05-19 07:23:08,Rome,Italy
1593,Visa,www.amazon.com,External Hard Drive,405.95,2019-05-19 00:41:22,Bangalore,India
1594,Visa,www.snapdeal.com,External Hard Drive,109.76,2019-05-19 15:58:55,New Delhi,Inida
1595,MasterCard,www.snapdeal.com,Laptop,79.13,2019-05-19 01:59:40,London,United Kingdom
1596,MasterCard,www.ebay.com,External Hard Drive,368.10,2019-05-19 11:27:01,Singapore,Singapore
1597,MasterCard,www.snapdeal.com,TV,458.90,2019-05-19 08:12:58,Chennai,India
1598,Visa,www.flipkart.com,Laptop,546.52,2019-05-19 13:47:15,Singapore,Singapore
1599,MasterCard,www.snapdeal.com,Mobile Phone,268.64,2019-05-19 09:33:39,Chennai,India
1600,Visa,www.flipkart.com,Wrist Band,220.11,2019-05-19 05:49:12,Pune,India
1601,Visa,www.ebay.com,External Hard Drive,551.70,2019-05-19 13:36:49,Rome,Italy
1602,Visa,www.amazon.com,LAN Cable,346.03,2019-05-19 07:20:23,Singapore,Singapore
1603,Maestro,www.snapdeal.com,Wrist Band,139.90,2019-05-19 23:44:39,Mumbai,India
1604,Visa,www.ebay.com,Wrist Band,168.49,2019-05-19 19:21:38,London,United Kingdom
1605,MasterCard,www.ebay.com,TV Stand,7.60,2019-05-19 05:50:54,Chennai,India
1606,MasterCard,www.flipkart.com,HDMI Cable,213.17,2019-05-19 04:00:06,Pune,India
1607,Visa,www.snapdeal.com,Text Books,111.73,2019-05-19 14:49:48,New Delhi,Inida
1608,MasterCard,www.amazon.com,Mobile Phone,124.34,2019-05-19 12:22:37,Bangalore,India
1609,Maestro,www.amazon.com,LAN Cable,314.85,2019-05-19 04:51:20,Mumbai,India
1610,MasterCard,www.amazon.com,Pen Drive,60.49,2019-05-19 14:33:58,Hyderabad,India
1611,Visa,www.snapdeal.com,Wrist Watch,373.50,2019-05-19 19:19:12,Bangkok,Thailand
1612,MasterCard,www.flipkart.com,Text Books,427.45,2019-05-19 18:08:31,Pune,India
1613,MasterCard,www.snapdeal.com,TV,138.24,2019-05-19 23:41:05,Mumbai,India
1614,Visa,www.amazon.com,Mobile Phone,429.92,2019-05-19 09:20:53,Pune,India
1615,Visa,www.ebay.com,External Hard Drive,328.56,2019-05-19 15:27:21,Rome,Italy
1616,MasterCard,www.amazon.com,Wrist Watch,286.97,2019-05-19 12:15:21,Rome,Italy
1617,Visa,www.amazon.com,Pen Drive,448.27,2019-05-19 23:47:00,Jerusalem,Israel
1618,Maestro,www.ebay.com,Mobile Phone,553.41,2019-05-19 09:10:13,Singapore,Singapore
1619,Maestro,www.amazon.com,HDMI Cable,416.84,2019-05-19 20:19:11,Jerusalem,Israel
1620,Maestro,www.snapdeal.com,External Hard Drive,374.47,2019-05-19 09:30:57,Hyderabad,India
1621,Maestro,www.flipkart.com,External Hard Drive,398.20,2019-05-19 22:08:21,Singapore,Singapore
1622,Visa,www.amazon.com,TV,409.41,2019-05-19 23:33:03,Hyderabad,India
1623,MasterCard,www.ebay.com,Desktop Computer,405.01,2019-05-19 12:42:31,Bangkok,Thailand
1624,Maestro,www.snapdeal.com,Text Books,319.71,2019-05-19 11:30:09,Jerusalem,Israel
1625,Maestro,www.snapdeal.com,TV,480.47,2019-05-19 20:01:15,Rome,Italy
1626,Visa,www.amazon.com,Wrist Watch,19.99,2019-05-19 10:25:03,Chennai,India
1627,Visa,www.flipkart.com,Mobile Phone,250.72,2019-05-19 03:39:20,Pune,India
1628,Visa,www.ebay.com,External Hard Drive,446.23,2019-05-19 00:10:03,Jerusalem,Israel
1629,Maestro,www.amazon.com,Text Books,447.96,2019-05-19 23:59:13,Chennai,India
1630,Visa,www.flipkart.com,Desktop Computer,44.37,2019-05-19 09:57:30,Jerusalem,Israel
1631,Visa,www.ebay.com,Desktop Computer,163.62,2019-05-19 01:07:14,Singapore,Singapore
1632,MasterCard,www.flipkart.com,HDMI Cable,84.53,2019-05-19 23:41:55,Bangkok,Thailand
1633,Maestro,www.amazon.com,Laptop,244.53,2019-05-19 22:37:07,Singapore,Singapore
1634,Maestro,www.ebay.com,TV,515.06,2019-05-19 01:36:09,Paris,France
1635,MasterCard,www.flipkart.com,TV Stand,17.16,2019-05-19 12:04:45,Bangalore,India
1636,Visa,www.amazon.com,Wrist Watch,27.72,2019-05-19 08:31:46,New York City,United States
1637,Visa,www.amazon.com,Wrist Band,156.43,2019-05-19 17:36:10,Rome,Italy
1638,MasterCard,www.amazon.com,LAN Cable,319.11,2019-05-19 19:23:36,Bangalore,India
1639,MasterCard,www.flipkart.com,TV,145.23,2019-05-19 00:31:22,Pune,India
1640,Visa,www.ebay.com,Laptop,54.61,2019-05-19 08:41:33,Mumbai,India
1641,Visa,www.amazon.com,HDMI Cable,274.84,2019-05-19 20:45:34,Singapore,Singapore
1642,Maestro,www.amazon.com,Desktop Computer,177.36,2019-05-19 15:02:53,Singapore,Singapore
1643,Visa,www.snapdeal.com,Laptop,15.86,2019-05-19 01:32:45,Singapore,Singapore
1644,Maestro,www.snapdeal.com,TV,252.72,2019-05-19 05:28:41,New York City,United States
1645,MasterCard,www.ebay.com,Text Books,268.62,2019-05-19 21:51:28,Singapore,Singapore
1646,MasterCard,www.amazon.com,Laptop,171.41,2019-05-19 09:37:49,Bangalore,India
1647,Visa,www.flipkart.com,TV Stand,309.90,2019-05-19 20:34:15,Bangalore,India
1648,Maestro,www.amazon.com,Text Books,546.65,2019-05-19 18:49:03,Paris,France
1649,Maestro,www.snapdeal.com,External Hard Drive,357.81,2019-05-19 17:04:26,London,United Kingdom
1650,Visa,www.snapdeal.com,TV Stand,333.74,2019-05-19 02:30:02,Mumbai,India
1651,Visa,www.flipkart.com,Pen Drive,156.67,2019-05-19 01:00:37,Jerusalem,Israel
1652,MasterCard,www.snapdeal.com,Pen Drive,510.02,2019-05-19 00:25:28,Pune,India
1653,Visa,www.amazon.com,Desktop Computer,536.89,2019-05-19 09:44:56,London,United Kingdom
1654,MasterCard,www.flipkart.com,Mobile Phone,485.40,2019-05-19 10:15:55,Paris,France
1655,Visa,www.amazon.com,Text Books,350.24,2019-05-19 08:44:57,Bangkok,Thailand
1656,Maestro,www.ebay.com,Laptop,74.03,2019-05-19 00:35:54,Singapore,Singapore
1657,MasterCard,www.ebay.com,Desktop Computer,374.17,2019-05-19 17:00:08,Kolkata,India
1658,Maestro,www.amazon.com,HDMI Cable,348.75,2019-05-19 01:39:15,Rome,Italy
1659,Visa,www.flipkart.com,LAN Cable,546.08,2019-05-19 08:23:16,Hyderabad,India
1660,Visa,www.amazon.com,External Hard Drive,470.97,2019-05-19 11:14:46,Paris,France
1661,Visa,www.flipkart.com,Laptop,283.52,2019-05-19 20:04:30,Chennai,India
1662,MasterCard,www.flipkart.com,HDMI Cable,334.55,2019-05-19 08:22:57,Kolkata,India
1663,MasterCard,www.ebay.com,Mobile Phone,63.47,2019-05-19 09:02:34,New Delhi,Inida
1664,Visa,www.ebay.com,Pen Drive,145.85,2019-05-19 23:14:09,Chennai,India
1665,Maestro,www.flipkart.com,Desktop Computer,103.47,2019-05-19 09:02:27,Paris,France
1666,Maestro,www.snapdeal.com,Desktop Computer,301.82,2019-05-19 12:32:31,Rome,Italy
1667,MasterCard,www.flipkart.com,Mobile Phone,318.13,2019-05-19 01:51:15,Bangkok,Thailand
1668,Maestro,www.ebay.com,LAN Cable,195.50,2019-05-19 13:41:31,Kolkata,India
1669,Maestro,www.flipkart.com,Wrist Watch,388.58,2019-05-19 09:16:22,Singapore,Singapore
1670,Visa,www.flipkart.com,TV,420.51,2019-05-19 18:20:18,Pune,India
1671,Visa,www.flipkart.com,Pen Drive,270.22,2019-05-19 00:43:06,Hyderabad,India
1672,MasterCard,www.snapdeal.com,Pen Drive,458.83,2019-05-19 20:47:52,Kolkata,India
1673,Visa,www.ebay.com,External Hard Drive,486.15,2019-05-19 08:46:45,Mumbai,India
1674,MasterCard,www.ebay.com,Text Books,68.78,2019-05-19 21:30:10,New Delhi,Inida
1675,Visa,www.amazon.com,TV,450.72,2019-05-19 21:29:57,Mumbai,India
1676,Maestro,www.snapdeal.com,TV Stand,540.27,2019-05-19 17:28:53,Paris,France
1677,MasterCard,www.ebay.com,TV Stand,419.50,2019-05-19 04:08:23,Jerusalem,Israel
1678,Visa,www.snapdeal.com,Wrist Watch,164.50,2019-05-19 00:52:23,Singapore,Singapore
1679,MasterCard,www.flipkart.com,Mobile Phone,13.70,2019-05-19 07:42:52,Paris,France
1680,Visa,www.flipkart.com,HDMI Cable,485.60,2019-05-19 15:33:15,Jerusalem,Israel
1681,Maestro,www.amazon.com,Laptop,425.39,2019-05-19 17:53:42,Bangkok,Thailand
1682,Maestro,www.amazon.com,Desktop Computer,407.64,2019-05-19 19:21:06,Bangalore,India
1683,Maestro,www.flipkart.com,TV,127.56,2019-05-19 08:11:51,Mumbai,India
1684,MasterCard,www.flipkart.com,Pen Drive,265.24,2019-05-19 04:39:13,New Delhi,Inida
1685,MasterCard,www.amazon.com,External Hard Drive,123.70,2019-05-19 07:38:51,Singapore,Singapore
1686,MasterCard,www.flipkart.com,Laptop,346.94,2019-05-19 08:10:24,Hyderabad,India
1687,Maestro,www.flipkart.com,Laptop,246.74,2019-05-19 18:45:37,Bangkok,Thailand
1688,Visa,www.ebay.com,Mobile Phone,385.05,2019-05-19 08:05:48,Bangalore,India
1689,Maestro,www.ebay.com,Mobile Phone,480.70,2019-05-19 02:11:52,Chennai,India
1690,Visa,www.snapdeal.com,Pen Drive,401.33,2019-05-19 19:00:52,Bangalore,India
1691,Visa,www.flipkart.com,Wrist Band,450.52,2019-05-19 14:52:03,Chennai,India
1692,Maestro,www.snapdeal.com,Wrist Band,262.53,2019-05-19 21:27:03,Mumbai,India
1693,Maestro,www.flipkart.com,Wrist Band,47.66,2019-05-19 04:56:28,Chennai,India
1694,Visa,www.flipkart.com,LAN Cable,268.72,2019-05-19 21:17:51,Paris,France
1695,Maestro,www.ebay.com,HDMI Cable,424.21,2019-05-19 11:43:18,Chennai,India
1696,MasterCard,www.snapdeal.com,Wrist Band,38.03,2019-05-19 15:30:21,Rome,Italy
1697,Visa,www.flipkart.com,TV Stand,333.56,2019-05-19 08:10:56,Bangkok,Thailand
1698,Maestro,www.ebay.com,Laptop,7.28,2019-05-19 14:03:58,Hyderabad,India
1699,Visa,www.amazon.com,Pen Drive,258.47,2019-05-19 03:25:32,Jerusalem,Israel
1700,MasterCard,www.flipkart.com,TV Stand,37.90,2019-05-19 07:34:35,New Delhi,Inida
1701,Maestro,www.flipkart.com,Wrist Band,488.66,2019-05-19 22:24:44,New Delhi,Inida
1702,Maestro,www.amazon.com,LAN Cable,121.28,2019-05-19 07:05:33,New York City,United States
1703,Maestro,www.flipkart.com,External Hard Drive,242.78,2019-05-19 07:19:31,London,United Kingdom
1704,Visa,www.flipkart.com,LAN Cable,312.38,2019-05-19 09:39:50,Bangkok,Thailand
1705,MasterCard,www.ebay.com,Text Books,201.82,2019-05-19 08:31:49,Mumbai,India
1706,Maestro,www.ebay.com,Mobile Phone,513.80,2019-05-19 09:25:15,Mumbai,India
1707,Maestro,www.ebay.com,Wrist Watch,181.51,2019-05-19 09:35:48,Pune,India
1708,Maestro,www.snapdeal.com,Text Books,207.84,2019-05-19 07:34:07,London,United Kingdom
1709,Visa,www.flipkart.com,TV Stand,465.78,2019-05-19 10:38:23,Pune,India
1710,Maestro,www.snapdeal.com,Desktop Computer,301.85,2019-05-19 01:55:34,London,United Kingdom
1711,Maestro,www.snapdeal.com,Pen Drive,457.49,2019-05-19 12:07:42,Kolkata,India
1712,Maestro,www.ebay.com,Mobile Phone,360.32,2019-05-19 10:17:06,Bangalore,India
1713,Maestro,www.snapdeal.com,TV Stand,84.40,2019-05-19 05:57:50,Chennai,India
1714,MasterCard,www.amazon.com,LAN Cable,191.58,2019-05-19 14:25:06,New York City,United States
1715,Maestro,www.flipkart.com,External Hard Drive,509.86,2019-05-19 18:06:35,Bangalore,India
1716,Maestro,www.snapdeal.com,Laptop,186.69,2019-05-19 14:12:16,Pune,India
1717,MasterCard,www.ebay.com,LAN Cable,374.69,2019-05-19 20:43:03,Rome,Italy
1718,Visa,www.snapdeal.com,External Hard Drive,18.71,2019-05-19 05:38:01,Hyderabad,India
1719,Maestro,www.amazon.com,Pen Drive,61.35,2019-05-19 00:08:04,Chennai,India
1720,Visa,www.amazon.com,Text Books,256.13,2019-05-19 07:51:53,Chennai,India
1721,Maestro,www.flipkart.com,Desktop Computer,84.54,2019-05-19 18:19:24,Paris,France
1722,Visa,www.amazon.com,Mobile Phone,538.58,2019-05-19 17:19:50,Singapore,Singapore
1723,MasterCard,www.amazon.com,TV Stand,218.32,2019-05-19 02:11:29,Jerusalem,Israel
1724,Visa,www.ebay.com,LAN Cable,240.19,2019-05-19 05:05:06,Rome,Italy
1725,Maestro,www.snapdeal.com,Text Books,404.09,2019-05-19 16:46:03,Kolkata,India
1726,Visa,www.flipkart.com,External Hard Drive,120.10,2019-05-19 01:20:27,London,United Kingdom
1727,MasterCard,www.ebay.com,Mobile Phone,517.97,2019-05-19 02:46:07,New Delhi,Inida
1728,Maestro,www.ebay.com,Desktop Computer,295.88,2019-05-19 23:12:00,London,United Kingdom
1729,MasterCard,www.amazon.com,Wrist Watch,310.97,2019-05-19 12:05:11,Hyderabad,India
1730,Visa,www.ebay.com,Pen Drive,141.55,2019-05-19 05:16:24,Bangalore,India
1731,MasterCard,www.amazon.com,LAN Cable,235.97,2019-05-19 13:00:36,Jerusalem,Israel
1732,MasterCard,www.snapdeal.com,Wrist Band,85.56,2019-05-19 06:17:46,London,United Kingdom
1733,MasterCard,www.flipkart.com,Text Books,228.71,2019-05-19 17:21:41,New York City,United States
1734,Maestro,www.amazon.com,Desktop Computer,309.34,2019-05-19 08:15:28,Bangalore,India
1735,Visa,www.ebay.com,Pen Drive,166.38,2019-05-19 23:03:41,Jerusalem,Israel
1736,Maestro,www.ebay.com,Laptop,165.86,2019-05-19 06:36:27,Bangalore,India
1737,Maestro,www.amazon.com,External Hard Drive,253.09,2019-05-19 14:24:44,Singapore,Singapore
1738,MasterCard,www.ebay.com,Desktop Computer,404.15,2019-05-19 01:09:54,Jerusalem,Israel
1739,Visa,www.amazon.com,External Hard Drive,91.42,2019-05-19 02:26:33,Pune,India
1740,Maestro,www.flipkart.com,Laptop,112.05,2019-05-19 03:01:46,Mumbai,India
1741,Visa,www.ebay.com,Laptop,237.26,2019-05-19 05:15:44,Hyderabad,India
1742,Maestro,www.amazon.com,LAN Cable,323.03,2019-05-19 19:28:48,Hyderabad,India
1743,MasterCard,www.flipkart.com,LAN Cable,267.51,2019-05-19 04:57:58,Mumbai,India
1744,Maestro,www.snapdeal.com,Pen Drive,95.70,2019-05-19 07:05:23,Jerusalem,Israel
1745,Maestro,www.snapdeal.com,Pen Drive,209.01,2019-05-19 01:42:58,Hyderabad,India
1746,Visa,www.ebay.com,HDMI Cable,110.02,2019-05-19 18:21:14,London,United Kingdom
1747,MasterCard,www.amazon.com,Wrist Watch,37.61,2019-05-19 18:39:25,Jerusalem,Israel
1748,Visa,www.ebay.com,Laptop,161.38,2019-05-19 06:46:22,Paris,France
1749,Maestro,www.flipkart.com,LAN Cable,250.92,2019-05-19 23:31:13,Mumbai,India
1750,Maestro,www.flipkart.com,Mobile Phone,341.27,2019-05-19 09:35:16,Bangalore,India
1751,Visa,www.amazon.com,LAN Cable,227.03,2019-05-19 23:39:35,Mumbai,India
1752,Maestro,www.amazon.com,Wrist Watch,351.90,2019-05-19 04:37:54,London,United Kingdom
1753,MasterCard,www.snapdeal.com,Desktop Computer,278.00,2019-05-19 15:44:07,Mumbai,India
1754,Maestro,www.snapdeal.com,Laptop,370.25,2019-05-19 11:25:53,Singapore,Singapore
1755,MasterCard,www.flipkart.com,LAN Cable,51.82,2019-05-19 21:47:52,Singapore,Singapore
1756,Maestro,www.flipkart.com,LAN Cable,293.43,2019-05-19 16:11:46,Paris,France
1757,Visa,www.amazon.com,TV,325.45,2019-05-19 22:10:30,Kolkata,India
1758,Maestro,www.snapdeal.com,Mobile Phone,464.74,2019-05-19 01:43:00,New York City,United States
1759,Maestro,www.flipkart.com,Laptop,250.60,2019-05-19 16:06:25,Kolkata,India
1760,MasterCard,www.flipkart.com,Text Books,229.42,2019-05-19 14:37:10,Singapore,Singapore
1761,MasterCard,www.amazon.com,Wrist Band,389.85,2019-05-19 23:24:37,Chennai,India
1762,Maestro,www.ebay.com,Laptop,141.58,2019-05-19 20:13:41,Bangalore,India
1763,Maestro,www.amazon.com,Laptop,28.43,2019-05-19 00:10:32,New Delhi,Inida
1764,Visa,www.ebay.com,Wrist Band,401.67,2019-05-19 17:43:15,Pune,India
1765,Maestro,www.ebay.com,Wrist Band,277.24,2019-05-19 11:00:03,Singapore,Singapore
1766,MasterCard,www.flipkart.com,External Hard Drive,396.90,2019-05-19 21:32:34,Kolkata,India
1767,Visa,www.snapdeal.com,HDMI Cable,258.19,2019-05-19 16:17:41,Chennai,India
1768,Visa,www.snapdeal.com,HDMI Cable,65.64,2019-05-19 20:31:47,Pune,India
1769,Maestro,www.amazon.com,Pen Drive,511.06,2019-05-19 15:58:18,New York City,United States
1770,Maestro,www.ebay.com,HDMI Cable,467.75,2019-05-19 09:59:05,Kolkata,India
1771,Visa,www.flipkart.com,Pen Drive,212.07,2019-05-19 23:23:05,New York City,United States
1772,MasterCard,www.flipkart.com,HDMI Cable,512.21,2019-05-19 23:10:58,Bangalore,India
1773,Maestro,www.flipkart.com,Mobile Phone,347.44,2019-05-19 08:25:44,Paris,France
1774,Maestro,www.flipkart.com,External Hard Drive,303.84,2019-05-19 02:20:59,Pune,India
1775,Maestro,www.amazon.com,HDMI Cable,87.44,2019-05-19 01:52:10,Hyderabad,India
1776,MasterCard,www.snapdeal.com,TV Stand,278.03,2019-05-19 10:03:43,Mumbai,India
1777,MasterCard,www.flipkart.com,HDMI Cable,555.41,2019-05-19 19:22:23,Paris,France
1778,Visa,www.amazon.com,Desktop Computer,92.98,2019-05-19 16:54:46,New York City,United States
1779,MasterCard,www.ebay.com,External Hard Drive,468.22,2019-05-19 05:44:16,Paris,France
1780,Visa,www.amazon.com,Wrist Watch,330.36,2019-05-19 11:32:33,London,United Kingdom
1781,MasterCard,www.snapdeal.com,Laptop,432.10,2019-05-19 19:45:30,Kolkata,India
1782,MasterCard,www.ebay.com,Pen Drive,396.91,2019-05-19 15:21:16,Singapore,Singapore
1783,MasterCard,www.ebay.com,Pen Drive,43.11,2019-05-19 04:00:09,Paris,France
1784,Visa,www.amazon.com,Desktop Computer,313.12,2019-05-19 21:52:41,Singapore,Singapore
1785,MasterCard,www.ebay.com,Text Books,175.09,2019-05-19 14:35:48,Rome,Italy
1786,Maestro,www.snapdeal.com,TV Stand,292.36,2019-05-19 07:38:56,New Delhi,Inida
1787,Maestro,www.snapdeal.com,TV,499.87,2019-05-19 10:50:28,Hyderabad,India
1788,MasterCard,www.flipkart.com,Wrist Watch,303.28,2019-05-19 06:56:18,London,United Kingdom
1789,MasterCard,www.snapdeal.com,TV,372.46,2019-05-19 15:17:00,New Delhi,Inida
1790,MasterCard,www.amazon.com,TV,12.69,2019-05-19 03:24:50,Bangalore,India
1791,Visa,www.ebay.com,HDMI Cable,309.30,2019-05-19 20:49:08,Singapore,Singapore
1792,Visa,www.snapdeal.com,External Hard Drive,363.48,2019-05-19 11:54:28,Bangalore,India
1793,MasterCard,www.ebay.com,TV Stand,315.44,2019-05-19 00:26:09,Bangalore,India
1794,Visa,www.ebay.com,Pen Drive,443.73,2019-05-19 20:18:05,London,United Kingdom
1795,MasterCard,www.ebay.com,Text Books,284.83,2019-05-19 09:06:21,Singapore,Singapore
1796,Visa,www.amazon.com,LAN Cable,324.09,2019-05-19 16:14:37,Jerusalem,Israel
1797,MasterCard,www.ebay.com,Desktop Computer,522.70,2019-05-19 18:56:39,New York City,United States
1798,Visa,www.snapdeal.com,Text Books,327.12,2019-05-19 09:31:42,Bangkok,Thailand
1799,MasterCard,www.amazon.com,TV,378.34,2019-05-19 14:13:47,Singapore,Singapore
1800,Visa,www.snapdeal.com,Laptop,454.34,2019-05-19 15:46:02,Pune,India
1801,Maestro,www.snapdeal.com,TV Stand,494.85,2019-05-19 06:10:18,Kolkata,India
1802,MasterCard,www.ebay.com,LAN Cable,457.18,2019-05-19 05:49:04,Hyderabad,India
1803,MasterCard,www.amazon.com,HDMI Cable,478.66,2019-05-19 02:20:47,Hyderabad,India
1804,Maestro,www.snapdeal.com,Text Books,284.14,2019-05-19 13:37:25,New York City,United States
1805,Visa,www.flipkart.com,Wrist Band,313.48,2019-05-19 08:02:58,London,United Kingdom
1806,Visa,www.ebay.com,Text Books,541.29,2019-05-19 18:48:58,New Delhi,Inida
1807,Maestro,www.ebay.com,Wrist Band,203.36,2019-05-19 14:43:18,Bangalore,India
1808,Visa,www.snapdeal.com,External Hard Drive,219.45,2019-05-19 22:18:37,Pune,India
1809,Maestro,www.amazon.com,Desktop Computer,492.85,2019-05-19 10:23:34,Pune,India
1810,Maestro,www.snapdeal.com,Wrist Band,213.71,2019-05-19 00:06:54,Paris,France
1811,MasterCard,www.snapdeal.com,HDMI Cable,122.87,2019-05-19 19:24:29,Hyderabad,India
1812,Maestro,www.flipkart.com,Wrist Band,474.54,2019-05-19 13:43:49,Jerusalem,Israel
1813,Visa,www.ebay.com,TV,402.35,2019-05-19 00:27:37,New York City,United States
1814,Visa,www.ebay.com,Text Books,385.90,2019-05-19 02:48:02,Hyderabad,India
1815,Visa,www.amazon.com,Laptop,498.62,2019-05-19 16:28:54,New Delhi,Inida
1816,Visa,www.snapdeal.com,Mobile Phone,462.38,2019-05-19 09:55:31,London,United Kingdom
1817,Visa,www.amazon.com,Desktop Computer,108.25,2019-05-19 02:26:36,New Delhi,Inida
1818,Maestro,www.ebay.com,External Hard Drive,551.73,2019-05-19 12:06:16,Pune,India
1819,Visa,www.ebay.com,TV,411.42,2019-05-19 06:47:27,Kolkata,India
1820,MasterCard,www.amazon.com,Mobile Phone,74.11,2019-05-19 00:11:24,Kolkata,India
1821,MasterCard,www.flipkart.com,Laptop,352.83,2019-05-19 05:18:48,Bangkok,Thailand
1822,Visa,www.snapdeal.com,External Hard Drive,474.17,2019-05-19 10:26:52,Chennai,India
1823,MasterCard,www.flipkart.com,HDMI Cable,198.46,2019-05-19 21:47:54,Paris,France
1824,Visa,www.ebay.com,LAN Cable,99.32,2019-05-19 18:28:07,Bangkok,Thailand
1825,Visa,www.ebay.com,HDMI Cable,60.07,2019-05-19 13:11:04,Paris,France
1826,Visa,www.amazon.com,Laptop,159.23,2019-05-19 13:04:36,Pune,India
1827,Maestro,www.amazon.com,TV,77.50,2019-05-19 19:10:08,Bangalore,India
1828,MasterCard,www.snapdeal.com,Desktop Computer,77.40,2019-05-19 02:13:38,Chennai,India
1829,MasterCard,www.flipkart.com,LAN Cable,348.21,2019-05-19 12:58:35,Singapore,Singapore
1830,Maestro,www.flipkart.com,External Hard Drive,63.17,2019-05-19 09:56:13,Hyderabad,India
1831,Maestro,www.flipkart.com,Laptop,457.34,2019-05-19 03:18:19,Mumbai,India
1832,Visa,www.amazon.com,Wrist Watch,250.24,2019-05-19 16:02:58,Chennai,India
1833,Maestro,www.flipkart.com,Laptop,524.72,2019-05-19 17:01:59,Singapore,Singapore
1834,MasterCard,www.amazon.com,Desktop Computer,55.91,2019-05-19 02:09:29,Pune,India
1835,Visa,www.amazon.com,LAN Cable,500.70,2019-05-19 13:04:31,New York City,United States
1836,Visa,www.amazon.com,HDMI Cable,89.89,2019-05-19 18:28:00,Rome,Italy
1837,Visa,www.ebay.com,TV Stand,227.79,2019-05-19 22:50:04,London,United Kingdom
1838,Maestro,www.ebay.com,Laptop,185.55,2019-05-19 09:12:18,Hyderabad,India
1839,Maestro,www.ebay.com,Wrist Band,94.02,2019-05-19 02:26:42,Rome,Italy
1840,MasterCard,www.ebay.com,Laptop,436.83,2019-05-19 01:58:47,Rome,Italy
1841,Visa,www.ebay.com,Laptop,270.69,2019-05-19 03:22:19,London,United Kingdom
1842,MasterCard,www.snapdeal.com,TV Stand,389.02,2019-05-19 05:11:57,London,United Kingdom
1843,Visa,www.ebay.com,Wrist Watch,245.20,2019-05-19 20:25:49,Pune,India
1844,MasterCard,www.flipkart.com,Wrist Watch,121.68,2019-05-19 17:14:56,Kolkata,India
1845,Visa,www.flipkart.com,Wrist Band,292.17,2019-05-19 09:11:01,Chennai,India
1846,MasterCard,www.ebay.com,Desktop Computer,187.64,2019-05-19 06:03:17,Hyderabad,India
1847,Visa,www.snapdeal.com,External Hard Drive,337.09,2019-05-19 12:42:32,Kolkata,India
1848,Visa,www.flipkart.com,LAN Cable,250.66,2019-05-19 03:44:49,Paris,France
1849,MasterCard,www.flipkart.com,Desktop Computer,21.27,2019-05-19 02:41:18,New York City,United States
1850,MasterCard,www.ebay.com,HDMI Cable,72.57,2019-05-19 18:36:51,Paris,France
1851,Visa,www.flipkart.com,Wrist Band,270.31,2019-05-19 06:27:54,Rome,Italy
1852,MasterCard,www.snapdeal.com,Pen Drive,84.94,2019-05-19 21:58:42,Bangalore,India
1853,Visa,www.ebay.com,Wrist Watch,465.39,2019-05-19 10:42:24,New Delhi,Inida
1854,MasterCard,www.amazon.com,TV,326.38,2019-05-19 23:58:22,Rome,Italy
1855,MasterCard,www.amazon.com,TV,456.38,2019-05-19 02:57:36,Bangkok,Thailand
1856,Visa,www.ebay.com,HDMI Cable,413.29,2019-05-19 11:28:57,Pune,India
1857,Visa,www.flipkart.com,Pen Drive,228.36,2019-05-19 07:25:16,Bangkok,Thailand
1858,MasterCard,www.ebay.com,LAN Cable,550.60,2019-05-19 00:17:43,Mumbai,India
1859,MasterCard,www.ebay.com,Desktop Computer,119.02,2019-05-19 14:00:04,Kolkata,India
1860,Maestro,www.flipkart.com,TV Stand,485.28,2019-05-19 11:03:31,Hyderabad,India
1861,MasterCard,www.flipkart.com,TV Stand,48.10,2019-05-19 19:18:49,Hyderabad,India
1862,Maestro,www.snapdeal.com,TV,101.12,2019-05-19 09:12:48,New Delhi,Inida
1863,MasterCard,www.flipkart.com,Wrist Band,207.28,2019-05-19 15:51:31,Jerusalem,Israel
1864,Visa,www.ebay.com,Desktop Computer,37.98,2019-05-19 06:42:59,Chennai,India
1865,Maestro,www.snapdeal.com,TV Stand,51.76,2019-05-19 14:37:44,Bangalore,India
1866,Visa,www.ebay.com,Laptop,49.28,2019-05-19 15:28:49,Hyderabad,India
1867,Visa,www.amazon.com,TV Stand,108.43,2019-05-19 23:01:04,Bangkok,Thailand
1868,Visa,www.ebay.com,Text Books,165.68,2019-05-19 06:08:21,Mumbai,India
1869,Visa,www.ebay.com,HDMI Cable,131.86,2019-05-19 15:31:56,New Delhi,Inida
1870,Maestro,www.flipkart.com,Desktop Computer,452.40,2019-05-19 00:43:28,Paris,France
1871,MasterCard,www.snapdeal.com,Mobile Phone,269.70,2019-05-19 02:55:46,New York City,United States
1872,Maestro,www.ebay.com,Wrist Band,411.49,2019-05-19 19:42:05,Pune,India
1873,Maestro,www.amazon.com,Wrist Watch,505.70,2019-05-19 08:04:19,New York City,United States
1874,Visa,www.flipkart.com,TV,253.94,2019-05-19 21:12:53,Paris,France
1875,MasterCard,www.ebay.com,Wrist Band,170.97,2019-05-19 14:36:32,New York City,United States
1876,Visa,www.ebay.com,Laptop,132.48,2019-05-19 02:51:39,Hyderabad,India
1877,MasterCard,www.amazon.com,TV Stand,323.29,2019-05-19 22:00:18,New York City,United States
1878,MasterCard,www.amazon.com,LAN Cable,451.78,2019-05-19 13:29:35,Mumbai,India
1879,Visa,www.amazon.com,External Hard Drive,409.31,2019-05-19 19:16:36,Hyderabad,India
1880,Maestro,www.snapdeal.com,Pen Drive,363.64,2019-05-19 23:32:54,Bangkok,Thailand
1881,Visa,www.amazon.com,Pen Drive,245.84,2019-05-19 17:04:42,New York City,United States
1882,Visa,www.amazon.com,Wrist Band,152.77,2019-05-19 14:58:02,New Delhi,Inida
1883,Visa,www.flipkart.com,TV,155.40,2019-05-19 03:30:37,Rome,Italy
1884,MasterCard,www.ebay.com,LAN Cable,269.94,2019-05-19 10:06:48,Bangalore,India
1885,Maestro,www.snapdeal.com,Wrist Watch,353.70,2019-05-19 20:47:40,Kolkata,India
1886,Maestro,www.ebay.com,Pen Drive,200.68,2019-05-19 00:33:50,London,United Kingdom
1887,Visa,www.snapdeal.com,Mobile Phone,215.32,2019-05-19 14:08:41,Mumbai,India
1888,Visa,www.ebay.com,Wrist Watch,37.87,2019-05-19 04:46:11,Chennai,India
1889,Maestro,www.flipkart.com,Desktop Computer,386.25,2019-05-19 00:45:29,Singapore,Singapore
1890,Maestro,www.amazon.com,Desktop Computer,296.99,2019-05-19 10:08:26,Singapore,Singapore
1891,Visa,www.amazon.com,TV Stand,33.21,2019-05-19 04:21:14,Hyderabad,India
1892,MasterCard,www.flipkart.com,Desktop Computer,42.18,2019-05-19 18:28:10,Bangkok,Thailand
1893,Maestro,www.ebay.com,Laptop,483.98,2019-05-19 03:13:40,Mumbai,India
1894,Visa,www.amazon.com,TV Stand,214.62,2019-05-19 07:04:17,Mumbai,India
1895,Visa,www.amazon.com,Text Books,240.46,2019-05-19 07:14:32,New York City,United States
1896,Maestro,www.amazon.com,Wrist Band,277.90,2019-05-19 12:59:54,New York City,United States
1897,Visa,www.snapdeal.com,Wrist Band,146.47,2019-05-19 10:02:42,Paris,France
1898,Visa,www.amazon.com,Pen Drive,255.00,2019-05-19 05:57:20,Hyderabad,India
1899,Maestro,www.ebay.com,TV Stand,96.64,2019-05-19 15:22:20,New York City,United States
1900,Visa,www.amazon.com,Mobile Phone,137.39,2019-05-19 08:00:20,Bangalore,India
1901,MasterCard,www.amazon.com,HDMI Cable,554.34,2019-05-19 13:51:03,New York City,United States
1902,Maestro,www.amazon.com,Wrist Watch,457.03,2019-05-19 20:21:10,Mumbai,India
1903,Visa,www.amazon.com,Mobile Phone,123.80,2019-05-19 06:08:10,New York City,United States
1904,Visa,www.flipkart.com,Text Books,254.00,2019-05-19 22:48:48,Jerusalem,Israel
1905,MasterCard,www.ebay.com,Pen Drive,450.53,2019-05-19 07:58:25,Chennai,India
1906,MasterCard,www.amazon.com,External Hard Drive,366.66,2019-05-19 15:49:35,New York City,United States
1907,Maestro,www.amazon.com,Laptop,459.81,2019-05-19 09:14:22,Pune,India
1908,MasterCard,www.flipkart.com,Text Books,517.16,2019-05-19 22:31:03,New York City,United States
1909,Maestro,www.amazon.com,LAN Cable,110.97,2019-05-19 12:55:28,Singapore,Singapore
1910,Maestro,www.amazon.com,Wrist Watch,97.82,2019-05-19 08:49:47,Mumbai,India
1911,Maestro,www.amazon.com,Wrist Band,210.26,2019-05-19 17:04:27,New York City,United States
1912,MasterCard,www.snapdeal.com,Pen Drive,51.38,2019-05-19 10:38:00,Singapore,Singapore
1913,MasterCard,www.ebay.com,TV,451.96,2019-05-19 03:16:26,London,United Kingdom
1914,Maestro,www.amazon.com,HDMI Cable,544.08,2019-05-19 01:02:32,New York City,United States
1915,Maestro,www.ebay.com,Desktop Computer,212.24,2019-05-19 15:44:03,Jerusalem,Israel
1916,Maestro,www.ebay.com,TV Stand,531.14,2019-05-19 01:08:09,Hyderabad,India
1917,Visa,www.amazon.com,HDMI Cable,293.00,2019-05-19 16:06:55,Bangkok,Thailand
1918,Visa,www.amazon.com,HDMI Cable,45.59,2019-05-19 08:14:21,Bangalore,India
1919,Maestro,www.ebay.com,Text Books,131.35,2019-05-19 04:29:49,Chennai,India
1920,Visa,www.snapdeal.com,HDMI Cable,161.31,2019-05-19 02:47:39,Kolkata,India
1921,Visa,www.flipkart.com,Text Books,492.45,2019-05-19 14:54:23,Pune,India
1922,Maestro,www.ebay.com,TV,99.02,2019-05-19 16:13:30,Bangkok,Thailand
1923,Maestro,www.snapdeal.com,External Hard Drive,116.20,2019-05-19 11:27:30,London,United Kingdom
1924,MasterCard,www.ebay.com,Pen Drive,305.12,2019-05-19 07:07:13,Bangkok,Thailand
1925,Visa,www.ebay.com,Mobile Phone,494.14,2019-05-19 00:46:56,Pune,India
1926,Visa,www.snapdeal.com,TV Stand,283.10,2019-05-19 08:16:48,Chennai,India
1927,Visa,www.ebay.com,Mobile Phone,469.47,2019-05-19 17:37:16,Rome,Italy
1928,Visa,www.amazon.com,TV,516.30,2019-05-19 10:42:15,Mumbai,India
1929,Visa,www.ebay.com,TV,456.22,2019-05-19 13:38:11,Paris,France
1930,Maestro,www.snapdeal.com,HDMI Cable,550.99,2019-05-19 02:59:51,Bangkok,Thailand
1931,MasterCard,www.ebay.com,Laptop,424.64,2019-05-19 07:54:58,Rome,Italy
1932,Visa,www.ebay.com,Laptop,19.15,2019-05-19 16:37:16,New Delhi,Inida
1933,MasterCard,www.amazon.com,HDMI Cable,299.90,2019-05-19 03:54:42,Jerusalem,Israel
1934,Maestro,www.flipkart.com,Wrist Band,248.48,2019-05-19 08:32:07,Kolkata,India
1935,Visa,www.snapdeal.com,LAN Cable,546.24,2019-05-19 10:00:46,Singapore,Singapore
1936,Visa,www.snapdeal.com,Wrist Watch,112.52,2019-05-19 21:39:28,Bangalore,India
1937,Maestro,www.ebay.com,Text Books,233.08,2019-05-19 14:24:11,New Delhi,Inida
1938,Maestro,www.flipkart.com,Desktop Computer,487.81,2019-05-19 12:20:15,London,United Kingdom
1939,Maestro,www.amazon.com,Text Books,21.05,2019-05-19 22:32:05,Chennai,India
1940,Visa,www.snapdeal.com,LAN Cable,404.00,2019-05-19 22:16:01,New York City,United States
1941,MasterCard,www.snapdeal.com,Desktop Computer,182.36,2019-05-19 05:15:01,New York City,United States
1942,MasterCard,www.amazon.com,Pen Drive,345.69,2019-05-19 01:48:36,Paris,France
1943,MasterCard,www.flipkart.com,External Hard Drive,456.65,2019-05-19 18:00:55,New Delhi,Inida
1944,Visa,www.snapdeal.com,Laptop,82.51,2019-05-19 23:56:21,New York City,United States
1945,MasterCard,www.flipkart.com,Laptop,30.37,2019-05-19 02:03:29,Singapore,Singapore
1946,Visa,www.amazon.com,HDMI Cable,523.18,2019-05-19 21:27:47,Bangalore,India
1947,MasterCard,www.flipkart.com,LAN Cable,103.00,2019-05-19 19:23:55,New York City,United States
1948,MasterCard,www.amazon.com,Laptop,98.43,2019-05-19 01:56:18,Singapore,Singapore
1949,Maestro,www.snapdeal.com,HDMI Cable,237.84,2019-05-19 22:12:33,Paris,France
1950,Visa,www.amazon.com,Laptop,447.03,2019-05-19 13:33:58,Bangkok,Thailand
1951,MasterCard,www.flipkart.com,LAN Cable,352.52,2019-05-19 08:34:08,Chennai,India
1952,MasterCard,www.snapdeal.com,External Hard Drive,226.00,2019-05-19 23:15:38,Pune,India
1953,MasterCard,www.snapdeal.com,Wrist Watch,249.23,2019-05-19 02:52:21,Pune,India
1954,Maestro,www.snapdeal.com,HDMI Cable,337.63,2019-05-19 08:32:32,New Delhi,Inida
1955,Maestro,www.amazon.com,Desktop Computer,373.94,2019-05-19 21:06:41,Jerusalem,Israel
1956,MasterCard,www.snapdeal.com,TV Stand,390.85,2019-05-19 08:09:35,Bangkok,Thailand
1957,Maestro,www.ebay.com,External Hard Drive,239.75,2019-05-19 00:03:33,Chennai,India
1958,MasterCard,www.flipkart.com,External Hard Drive,552.24,2019-05-19 15:16:38,Rome,Italy
1959,MasterCard,www.amazon.com,Wrist Watch,373.98,2019-05-19 11:41:01,Bangalore,India
1960,Maestro,www.ebay.com,TV,114.36,2019-05-19 19:43:19,Pune,India
1961,MasterCard,www.amazon.com,Pen Drive,405.12,2019-05-19 08:10:35,Singapore,Singapore
1962,Maestro,www.snapdeal.com,Desktop Computer,479.91,2019-05-19 06:03:25,Bangkok,Thailand
1963,Visa,www.amazon.com,External Hard Drive,544.54,2019-05-19 07:19:57,Kolkata,India
1964,MasterCard,www.flipkart.com,Laptop,234.07,2019-05-19 12:46:25,Bangkok,Thailand
1965,Visa,www.snapdeal.com,Wrist Band,22.64,2019-05-19 07:16:54,Jerusalem,Israel
1966,MasterCard,www.flipkart.com,Text Books,548.66,2019-05-19 10:42:49,Jerusalem,Israel
1967,MasterCard,www.ebay.com,Text Books,439.97,2019-05-19 13:17:39,Jerusalem,Israel
1968,MasterCard,www.snapdeal.com,Wrist Watch,192.74,2019-05-19 12:21:01,Chennai,India
1969,MasterCard,www.ebay.com,Wrist Band,256.26,2019-05-19 13:46:25,New Delhi,Inida
1970,Visa,www.snapdeal.com,TV,334.15,2019-05-19 13:48:38,New York City,United States
1971,MasterCard,www.ebay.com,Wrist Band,192.62,2019-05-19 15:51:00,Hyderabad,India
1972,MasterCard,www.ebay.com,TV Stand,473.00,2019-05-19 09:11:33,Mumbai,India
1973,Visa,www.flipkart.com,LAN Cable,327.59,2019-05-19 07:57:35,Rome,Italy
1974,Maestro,www.snapdeal.com,TV Stand,160.40,2019-05-19 14:28:39,Rome,Italy
1975,Visa,www.snapdeal.com,LAN Cable,114.74,2019-05-19 19:48:13,Bangkok,Thailand
1976,MasterCard,www.snapdeal.com,HDMI Cable,314.65,2019-05-19 10:33:52,Singapore,Singapore
1977,Visa,www.amazon.com,TV,439.26,2019-05-19 01:40:41,Singapore,Singapore
1978,Visa,www.flipkart.com,Laptop,433.09,2019-05-19 13:56:31,London,United Kingdom
1979,Visa,www.amazon.com,LAN Cable,28.96,2019-05-19 05:05:51,Mumbai,India
1980,MasterCard,www.ebay.com,Mobile Phone,310.76,2019-05-19 17:07:09,Hyderabad,India
1981,MasterCard,www.ebay.com,TV,252.75,2019-05-19 23:02:25,Bangalore,India
1982,Maestro,www.amazon.com,LAN Cable,188.62,2019-05-19 03:02:48,Hyderabad,India
1983,MasterCard,www.amazon.com,TV,405.51,2019-05-19 10:13:59,Paris,France
1984,Visa,www.snapdeal.com,External Hard Drive,506.40,2019-05-19 03:50:03,Singapore,Singapore
1985,Maestro,www.ebay.com,HDMI Cable,554.28,2019-05-19 21:52:52,Pune,India
1986,Maestro,www.snapdeal.com,HDMI Cable,487.28,2019-05-19 14:35:48,Jerusalem,Israel
1987,MasterCard,www.amazon.com,TV Stand,75.65,2019-05-19 16:35:45,Chennai,India
1988,MasterCard,www.ebay.com,TV,97.46,2019-05-19 04:04:08,New Delhi,Inida
1989,Visa,www.ebay.com,TV,375.21,2019-05-19 15:55:52,New Delhi,Inida
1990,MasterCard,www.snapdeal.com,TV,274.41,2019-05-19 02:39:09,New Delhi,Inida
1991,MasterCard,www.flipkart.com,LAN Cable,217.20,2019-05-19 04:49:27,Bangalore,India
1992,MasterCard,www.flipkart.com,External Hard Drive,124.10,2019-05-19 06:52:37,Mumbai,India
1993,Visa,www.amazon.com,External Hard Drive,473.73,2019-05-19 06:03:22,Hyderabad,India
1994,Maestro,www.flipkart.com,Wrist Watch,54.70,2019-05-19 21:26:23,London,United Kingdom
1995,MasterCard,www.ebay.com,Text Books,376.13,2019-05-19 18:19:10,Bangkok,Thailand
1996,MasterCard,www.amazon.com,Pen Drive,83.33,2019-05-19 09:49:01,Rome,Italy
1997,Visa,www.flipkart.com,LAN Cable,271.32,2019-05-19 23:38:47,New Delhi,Inida
1998,Maestro,www.flipkart.com,Desktop Computer,391.62,2019-05-19 13:45:31,Mumbai,India
1999,Visa,www.snapdeal.com,Pen Drive,127.88,2019-05-19 03:21:52,Rome,Italy
2000,MasterCard,www.ebay.com,Text Books,44.58,2019-05-19 06:49:30,Pune,India
