transaction_id,transaction_card_type,transaction_ecommerce_website_name,transaction_product_name,transaction_amount,transaction_datetime,transaction_city_name,transaction_country_name
1,MasterCard,www.ebay.com,Wrist Watch,528.11,2019-05-18 13:34:45,Paris,France
2,MasterCard,www.snapdeal.com,TV Stand,488.13,2019-05-18 10:35:48,London,United Kingdom
3,Maestro,www.snapdeal.com,Laptop,95.05,2019-05-18 00:20:29,Kolkata,India
4,Maestro,www.ebay.com,TV Stand,331.05,2019-05-18 22:38:55,Pune,India
5,Maestro,www.amazon.com,TV,354.35,2019-05-18 09:59:46,New York City,United States
6,MasterCard,www.snapdeal.com,Text Books,227.62,2019-05-18 02:41:53,Paris,France
7,Visa,www.flipkart.com,Wrist Band,325.63,2019-05-18 14:14:33,New York City,United States
8,Visa,www.ebay.com,LAN Cable,521.95,2019-05-18 03:41:56,Rome,Italy
9,MasterCard,www.amazon.com,Pen Drive,546.54,2019-05-18 14:43:23,Pune,India
10,MasterCard,www.ebay.com,LAN Cable,241.26,2019-05-18 18:36:46,London,United Kingdom
11,Visa,www.ebay.com,TV Stand,223.61,2019-05-18 20:09:28,New York City,United States
12,Maestro,www.amazon.com,Wrist Band,420.55,2019-05-18 06:58:18,Paris,France
13,Visa,www.flipkart.com,Wrist Band,172.22,2019-05-18 19:04:25,New Delhi,Inida
14,Maestro,www.snapdeal.com,Pen Drive,480.37,2019-05-18 12:03:27,Bangalore,India
15,Maestro,www.amazon.com,LAN Cable,527.45,2019-05-18 06:56:55,Pune,India
16,MasterCard,www.snapdeal.com,Wrist Watch,328.13,2019-05-18 06:56:44,Jerusalem,Israel
17,Maestro,www.flipkart.com,Text Books,112.23,2019-05-18 00:07:44,Jerusalem,Israel
18,MasterCard,www.flipkart.com,LAN Cable,494.31,2019-05-18 09:35:10,Bangkok,Thailand
19,Visa,www.snapdeal.com,External Hard Drive,163.96,2019-05-18 07:49:27,Bangkok,Thailand
20,Visa,www.amazon.com,Pen Drive,259.18,2019-05-18 15:18:23,Bangalore,India
21,MasterCard,www.snapdeal.com,External Hard Drive,128.30,2019-05-18 15:17:05,New Delhi,Inida
22,MasterCard,www.flipkart.com,Wrist Watch,326.91,2019-05-18 08:06:53,Rome,Italy
23,MasterCard,www.ebay.com,LAN Cable,355.14,2019-05-18 10:28:40,Hyderabad,India
24,MasterCard,www.amazon.com,Desktop Computer,305.47,2019-05-18 09:10:09,London,United Kingdom
25,Visa,www.amazon.com,Wrist Band,332.70,2019-05-18 16:11:24,London,United Kingdom
26,Maestro,www.snapdeal.com,Text Books,156.63,2019-05-18 03:03:55,Pune,India
27,Maestro,www.ebay.com,Wrist Band,476.13,2019-05-18 04:26:01,Pune,India
28,Visa,www.flipkart.com,External Hard Drive,545.91,2019-05-18 12:50:27,Mumbai,India
29,Visa,www.amazon.com,Mobile Phone,339.73,2019-05-18 06:46:32,Kolkata,India
30,Maestro,www.amazon.com,Wrist Band,340.13,2019-05-18 02:49:50,Bangkok,Thailand
31,Visa,www.ebay.com,Wrist Band,9.02,2019-05-18 04:39:45,Jerusalem,Israel
32,Visa,www.snapdeal.com,TV,13.47,2019-05-18 19:26:08,Rome,Italy
33,MasterCard,www.ebay.com,HDMI Cable,77.29,2019-05-18 18:56:51,New York City,United States
34,Visa,www.amazon.com,Wrist Watch,473.43,2019-05-18 20:07:07,Rome,Italy
35,MasterCard,www.flipkart.com,Mobile Phone,272.35,2019-05-18 02:27:25,Mumbai,India
36,Visa,www.snapdeal.com,Text Books,409.32,2019-05-18 12:13:56,Chennai,India
37,Visa,www.ebay.com,TV Stand,399.77,2019-05-18 05:59:45,Chennai,India
38,Visa,www.amazon.com,Laptop,149.56,2019-05-18 15:40:40,London,United Kingdom
39,Visa,www.ebay.com,HDMI Cable,151.52,2019-05-18 02:06:52,Bangkok,Thailand
40,Visa,www.snapdeal.com,TV,184.69,2019-05-18 19:12:32,Bangkok,Thailand
41,MasterCard,www.snapdeal.com,External Hard Drive,321.28,2019-05-18 15:02:34,Jerusalem,Israel
42,Visa,www.snapdeal.com,LAN Cable,447.98,2019-05-18 21:05:24,New York City,United States
43,MasterCard,www.amazon.com,TV,237.53,2019-05-18 05:31:05,Bangkok,Thailand
44,Visa,www.ebay.com,TV Stand,233.16,2019-05-18 07:00:48,Hyderabad,India
45,Maestro,www.snapdeal.com,TV,292.67,2019-05-18 14:12:36,New York City,United States
46,Visa,www.snapdeal.com,TV,305.44,2019-05-18 20:35:01,London,United Kingdom
47,MasterCard,www.amazon.com,Wrist Band,153.18,2019-05-18 09:49:37,Mumbai,India
48,MasterCard,www.flipkart.com,External Hard Drive,155.35,2019-05-18 00:23:56,New York City,United States
49,Maestro,www.snapdeal.com,Laptop,541.97,2019-05-18 06:32:43,Singapore,Singapore
50,Maestro,www.amazon.com,Wrist Band,439.21,2019-05-18 19:54:23,Paris,France
51,MasterCard,www.amazon.com,Wrist Band,460.42,2019-05-18 16:02:00,Mumbai,India
52,Visa,www.flipkart.com,Laptop,552.22,2019-05-18 00:38:07,Chennai,India
53,Visa,www.amazon.com,External Hard Drive,408.57,2019-05-18 19:30:46,Paris,France
54,Maestro,www.flipkart.com,Text Books,318.61,2019-05-18 04:48:01,London,United Kingdom
55,Visa,www.snapdeal.com,Laptop,141.50,2019-05-18 13:12:01,Paris,France
56,Maestro,www.snapdeal.com,TV,20.27,2019-05-18 18:12:25,Paris,France
57,Maestro,www.ebay.com,Wrist Watch,378.67,2019-05-18 06:37:08,New Delhi,Inida
58,Visa,www.ebay.com,Desktop Computer,276.96,2019-05-18 03:34:50,London,United Kingdom
59,MasterCard,www.amazon.com,External Hard Drive,502.04,2019-05-18 03:39:09,New Delhi,Inida
60,Visa,www.flipkart.com,Laptop,476.52,2019-05-18 00:54:09,Hyderabad,India
61,Visa,www.amazon.com,LAN Cable,510.91,2019-05-18 16:09:39,New York City,United States
62,Maestro,www.ebay.com,Wrist Band,278.92,2019-05-18 11:52:57,Mumbai,India
63,Visa,www.flipkart.com,HDMI Cable,471.02,2019-05-18 23:34:22,Singapore,Singapore
64,Visa,www.snapdeal.com,LAN Cable,327.66,2019-05-18 08:55:51,Bangkok,Thailand
65,Visa,www.flipkart.com,Wrist Watch,273.24,2019-05-18 00:45:50,Paris,France
66,Maestro,www.ebay.com,External Hard Drive,460.42,2019-05-18 17:30:29,Singapore,Singapore
67,MasterCard,www.snapdeal.com,Text Books,125.03,2019-05-18 09:27:03,Mumbai,India
68,MasterCard,www.ebay.com,Pen Drive,244.53,2019-05-18 15:40:08,Paris,France
69,Maestro,www.ebay.com,Laptop,191.69,2019-05-18 13:43:17,Rome,Italy
70,Maestro,www.ebay.com,TV Stand,262.44,2019-05-18 21:47:54,Singapore,Singapore
71,MasterCard,www.amazon.com,Wrist Watch,154.26,2019-05-18 08:49:18,Hyderabad,India
72,Maestro,www.flipkart.com,Wrist Band,399.81,2019-05-18 09:01:10,Rome,Italy
73,Maestro,www.flipkart.com,Desktop Computer,309.60,2019-05-18 17:54:33,New York City,United States
74,Maestro,www.snapdeal.com,Text Books,515.61,2019-05-18 10:23:03,New Delhi,Inida
75,Visa,www.snapdeal.com,Text Books,171.75,2019-05-18 15:36:28,Paris,France
76,MasterCard,www.amazon.com,External Hard Drive,370.72,2019-05-18 20:32:15,Hyderabad,India
77,Visa,www.ebay.com,Desktop Computer,500.65,2019-05-18 15:12:27,Chennai,India
78,Maestro,www.snapdeal.com,Wrist Watch,227.94,2019-05-18 08:34:00,Bangalore,India
79,Visa,www.ebay.com,Mobile Phone,429.65,2019-05-18 08:53:05,Hyderabad,India
80,Visa,www.snapdeal.com,TV,155.08,2019-05-18 22:42:32,Bangkok,Thailand
81,Visa,www.flipkart.com,TV Stand,30.22,2019-05-18 05:24:40,Pune,India
82,Maestro,www.snapdeal.com,HDMI Cable,44.70,2019-05-18 07:27:45,Pune,India
83,MasterCard,www.flipkart.com,Wrist Watch,555.30,2019-05-18 15:45:58,Jerusalem,Israel
84,MasterCard,www.flipkart.com,Wrist Watch,475.00,2019-05-18 17:19:41,Jerusalem,Israel
85,Maestro,www.ebay.com,TV,186.92,2019-05-18 13:18:33,Pune,India
86,MasterCard,www.amazon.com,HDMI Cable,430.61,2019-05-18 07:51:45,New York City,United States
87,Visa,www.ebay.com,Desktop Computer,396.53,2019-05-18 04:02:27,Kolkata,India
88,MasterCard,www.amazon.com,TV,153.74,2019-05-18 21:56:32,Pune,India
89,Visa,www.amazon.com,LAN Cable,347.92,2019-05-18 16:02:21,Hyderabad,India
90,Maestro,www.ebay.com,Desktop Computer,73.75,2019-05-18 02:12:45,Bangkok,Thailand
91,MasterCard,www.snapdeal.com,HDMI Cable,82.20,2019-05-18 22:25:28,Paris,France
92,MasterCard,www.snapdeal.com,Desktop Computer,68.77,2019-05-18 12:11:07,Kolkata,India
93,MasterCard,www.ebay.com,Laptop,519.03,2019-05-18 04:51:31,Paris,France
94,MasterCard,www.snapdeal.com,Desktop Computer,454.74,2019-05-18 07:13:16,Bangkok,Thailand
95,Visa,www.ebay.com,Mobile Phone,538.46,2019-05-18 00:52:32,New York City,United States
96,Maestro,www.ebay.com,External Hard Drive,173.46,2019-05-18 02:14:34,Mumbai,India
97,Visa,www.amazon.com,Text Books,28.67,2019-05-18 02:01:39,Hyderabad,India
98,MasterCard,www.ebay.com,Mobile Phone,526.62,2019-05-18 22:09:21,Bangkok,Thailand
99,Maestro,www.flipkart.com,Text Books,229.85,2019-05-18 21:12:54,Jerusalem,Israel
100,Visa,www.ebay.com,TV Stand,254.24,2019-05-18 20:25:56,Hyderabad,India
101,Visa,www.amazon.com,Mobile Phone,455.37,2019-05-18 22:06:37,Bangalore,India
102,Visa,www.ebay.com,Text Books,343.18,2019-05-18 15:18:50,Bangalore,India
103,Maestro,www.snapdeal.com,LAN Cable,93.99,2019-05-18 13:19:34,Pune,India
104,Maestro,www.snapdeal.com,Laptop,512.15,2019-05-18 22:40:35,Jerusalem,Israel
105,MasterCard,www.snapdeal.com,Wrist Watch,414.50,2019-05-18 20:22:46,Singapore,Singapore
106,MasterCard,www.amazon.com,TV,322.96,2019-05-18 21:59:32,Rome,Italy
107,Maestro,www.amazon.com,Desktop Computer,529.18,2019-05-18 20:27:30,Chennai,India
108,Maestro,www.amazon.com,Wrist Band,523.64,2019-05-18 03:03:48,Rome,Italy
109,MasterCard,www.snapdeal.com,Pen Drive,258.84,2019-05-18 18:25:56,Jerusalem,Israel
110,Visa,www.ebay.com,Laptop,248.25,2019-05-18 16:51:19,Mumbai,India
111,Maestro,www.ebay.com,External Hard Drive,366.50,2019-05-18 22:58:27,London,United Kingdom
112,Maestro,www.flipkart.com,Pen Drive,300.71,2019-05-18 23:50:43,Jerusalem,Israel
113,Visa,www.flipkart.com,HDMI Cable,45.08,2019-05-18 05:27:58,Rome,Italy
114,MasterCard,www.amazon.com,Mobile Phone,311.45,2019-05-18 23:34:26,New Delhi,Inida
115,MasterCard,www.snapdeal.com,Text Books,444.00,2019-05-18 15:16:32,Bangalore,India
116,MasterCard,www.flipkart.com,HDMI Cable,354.83,2019-05-18 19:25:59,Jerusalem,Israel
117,Maestro,www.flipkart.com,TV,236.11,2019-05-18 21:00:51,Bangalore,India
118,Visa,www.snapdeal.com,TV Stand,384.67,2019-05-18 07:41:03,Mumbai,India
119,MasterCard,www.flipkart.com,Wrist Watch,145.17,2019-05-18 16:29:39,Mumbai,India
120,MasterCard,www.flipkart.com,Desktop Computer,379.91,2019-05-18 02:35:00,New Delhi,Inida
121,MasterCard,www.amazon.com,Pen Drive,298.40,2019-05-18 07:27:39,Singapore,Singapore
122,Maestro,www.ebay.com,HDMI Cable,166.15,2019-05-18 02:09:40,Chennai,India
123,MasterCard,www.snapdeal.com,Mobile Phone,329.29,2019-05-18 01:53:04,Paris,France
124,MasterCard,www.amazon.com,Mobile Phone,208.03,2019-05-18 15:15:54,Bangalore,India
125,Maestro,www.amazon.com,External Hard Drive,191.84,2019-05-18 00:06:33,Paris,France
126,MasterCard,www.flipkart.com,Laptop,314.21,2019-05-18 23:17:59,Jerusalem,Israel
127,Visa,www.amazon.com,TV,226.09,2019-05-18 21:37:28,London,United Kingdom
128,Maestro,www.snapdeal.com,Mobile Phone,17.82,2019-05-18 23:10:02,Kolkata,India
129,MasterCard,www.ebay.com,Wrist Watch,299.13,2019-05-18 00:46:07,New Delhi,Inida
130,Visa,www.ebay.com,Pen Drive,215.73,2019-05-18 00:55:49,Bangkok,Thailand
131,MasterCard,www.amazon.com,HDMI Cable,542.60,2019-05-18 23:47:57,Rome,Italy
132,Maestro,www.flipkart.com,Pen Drive,539.93,2019-05-18 18:27:09,Bangkok,Thailand
133,MasterCard,www.flipkart.com,Wrist Watch,500.16,2019-05-18 17:42:50,Mumbai,India
134,Visa,www.ebay.com,Mobile Phone,185.71,2019-05-18 18:43:06,Bangalore,India
135,Maestro,www.amazon.com,HDMI Cable,78.55,2019-05-18 00:57:49,Jerusalem,Israel
136,Visa,www.ebay.com,Wrist Band,21.12,2019-05-18 21:37:37,Bangalore,India
137,Visa,www.amazon.com,Wrist Band,15.31,2019-05-18 01:56:52,Rome,Italy
138,Maestro,www.ebay.com,Laptop,53.80,2019-05-18 20:18:50,Chennai,India
139,MasterCard,www.snapdeal.com,TV Stand,495.47,2019-05-18 10:07:07,Bangalore,India
140,Maestro,www.ebay.com,TV,339.09,2019-05-18 14:42:47,Pune,India
141,Maestro,www.flipkart.com,TV Stand,228.65,2019-05-18 05:28:00,Pune,India
142,MasterCard,www.ebay.com,Laptop,387.35,2019-05-18 12:24:36,Singapore,Singapore
143,Maestro,www.flipkart.com,Pen Drive,283.70,2019-05-18 10:01:03,New York City,United States
144,MasterCard,www.amazon.com,Mobile Phone,182.49,2019-05-18 18:07:03,London,United Kingdom
145,Visa,www.flipkart.com,Text Books,385.18,2019-05-18 09:04:56,Hyderabad,India
146,Maestro,www.amazon.com,Text Books,526.43,2019-05-18 13:36:01,Chennai,India
147,Visa,www.flipkart.com,LAN Cable,166.95,2019-05-18 08:16:47,Pune,India
148,MasterCard,www.snapdeal.com,Pen Drive,357.65,2019-05-18 13:46:14,Pune,India
149,Visa,www.snapdeal.com,Desktop Computer,359.15,2019-05-18 10:30:37,Rome,Italy
150,Visa,www.amazon.com,HDMI Cable,526.04,2019-05-18 13:09:05,New York City,United States
151,Visa,www.ebay.com,LAN Cable,343.18,2019-05-18 20:51:33,Rome,Italy
152,Visa,www.ebay.com,Text Books,20.89,2019-05-18 09:30:25,Pune,India
153,Visa,www.amazon.com,Pen Drive,361.78,2019-05-18 00:13:31,Hyderabad,India
154,MasterCard,www.snapdeal.com,TV,397.73,2019-05-18 10:05:21,Singapore,Singapore
155,Maestro,www.ebay.com,Text Books,488.89,2019-05-18 14:12:01,Mumbai,India
156,Visa,www.flipkart.com,HDMI Cable,367.62,2019-05-18 07:55:30,Jerusalem,Israel
157,MasterCard,www.flipkart.com,Wrist Watch,455.04,2019-05-18 12:18:54,Mumbai,India
158,MasterCard,www.ebay.com,LAN Cable,146.08,2019-05-18 20:25:31,Rome,Italy
159,Visa,www.snapdeal.com,Desktop Computer,297.64,2019-05-18 20:58:00,Chennai,India
160,Visa,www.amazon.com,Wrist Band,431.69,2019-05-18 16:39:34,Paris,France
161,Visa,www.amazon.com,LAN Cable,334.68,2019-05-18 17:12:43,Jerusalem,Israel
162,Visa,www.snapdeal.com,Text Books,542.63,2019-05-18 08:34:52,New Delhi,Inida
163,MasterCard,www.flipkart.com,External Hard Drive,155.06,2019-05-18 12:49:25,Rome,Italy
164,MasterCard,www.snapdeal.com,Pen Drive,423.68,2019-05-18 06:35:28,Paris,France
165,MasterCard,www.snapdeal.com,TV Stand,297.64,2019-05-18 03:03:12,Mumbai,India
166,Maestro,www.snapdeal.com,Laptop,369.56,2019-05-18 21:54:54,Hyderabad,India
167,Visa,www.amazon.com,Wrist Watch,221.69,2019-05-18 14:42:11,London,United Kingdom
168,MasterCard,www.flipkart.com,Pen Drive,54.73,2019-05-18 01:30:11,New Delhi,Inida
169,Visa,www.snapdeal.com,Laptop,233.41,2019-05-18 11:36:26,Jerusalem,Israel
170,MasterCard,www.amazon.com,LAN Cable,364.43,2019-05-18 06:40:58,Jerusalem,Israel
171,Maestro,www.amazon.com,LAN Cable,348.30,2019-05-18 19:23:29,New York City,United States
172,Maestro,www.amazon.com,Mobile Phone,89.91,2019-05-18 05:43:35,Singapore,Singapore
173,Visa,www.ebay.com,Pen Drive,430.07,2019-05-18 16:30:24,Hyderabad,India
174,Visa,www.snapdeal.com,Mobile Phone,347.82,2019-05-18 15:20:32,Bangkok,Thailand
175,MasterCard,www.amazon.com,Laptop,151.59,2019-05-18 11:44:59,Pune,India
176,Maestro,www.amazon.com,External Hard Drive,439.37,2019-05-18 05:20:06,Paris,France
177,Visa,www.flipkart.com,Mobile Phone,202.49,2019-05-18 00:23:11,Hyderabad,India
178,Visa,www.ebay.com,TV,89.12,2019-05-18 15:06:42,London,United Kingdom
179,Visa,www.snapdeal.com,LAN Cable,163.78,2019-05-18 03:18:57,Chennai,India
180,Maestro,www.flipkart.com,HDMI Cable,511.09,2019-05-18 11:44:04,Paris,France
181,Visa,www.amazon.com,Laptop,333.18,2019-05-18 21:40:07,Bangkok,Thailand
182,Visa,www.ebay.com,Laptop,82.84,2019-05-18 21:12:48,Hyderabad,India
183,Visa,www.flipkart.com,LAN Cable,157.89,2019-05-18 03:16:40,Pune,India
184,Maestro,www.snapdeal.com,Mobile Phone,182.19,2019-05-18 03:07:30,Pune,India
185,MasterCard,www.amazon.com,Wrist Band,161.77,2019-05-18 01:33:21,Paris,France
186,Maestro,www.ebay.com,External Hard Drive,96.58,2019-05-18 08:23:04,Kolkata,India
187,Visa,www.ebay.com,TV,184.02,2019-05-18 23:35:27,Singapore,Singapore
188,Maestro,www.ebay.com,Wrist Watch,147.12,2019-05-18 09:21:56,Hyderabad,India
189,Visa,www.ebay.com,Pen Drive,366.10,2019-05-18 09:39:02,Bangkok,Thailand
190,MasterCard,www.flipkart.com,Desktop Computer,119.50,2019-05-18 06:18:14,New York City,United States
191,MasterCard,www.amazon.com,Wrist Watch,158.12,2019-05-18 00:20:35,Bangalore,India
192,Visa,www.ebay.com,Wrist Watch,376.61,2019-05-18 07:40:34,Bangalore,India
193,Maestro,www.flipkart.com,TV,372.93,2019-05-18 05:09:25,Pune,India
194,Maestro,www.ebay.com,Desktop Computer,155.15,2019-05-18 06:02:03,Rome,Italy
195,Maestro,www.flipkart.com,Text Books,83.31,2019-05-18 04:24:34,Bangalore,India
196,Maestro,www.flipkart.com,LAN Cable,395.95,2019-05-18 14:18:58,Bangalore,India
197,MasterCard,www.flipkart.com,Wrist Watch,446.32,2019-05-18 21:42:51,Rome,Italy
198,Maestro,www.ebay.com,Mobile Phone,7.16,2019-05-18 16:12:51,New Delhi,Inida
199,Maestro,www.amazon.com,Mobile Phone,68.17,2019-05-18 14:27:40,Hyderabad,India
200,Maestro,www.amazon.com,Wrist Band,533.72,2019-05-18 13:19:39,Jerusalem,Israel
201,MasterCard,www.ebay.com,Text Books,375.20,2019-05-18 21:53:31,New York City,United States
202,Visa,www.amazon.com,Wrist Watch,462.12,2019-05-18 14:09:01,Hyderabad,India
203,Maestro,www.snapdeal.com,External Hard Drive,263.34,2019-05-18 16:13:44,Rome,Italy
204,Visa,www.ebay.com,Wrist Band,476.00,2019-05-18 16:27:42,New York City,United States
205,MasterCard,www.ebay.com,Desktop Computer,232.39,2019-05-18 18:01:20,Pune,India
206,Visa,www.flipkart.com,Pen Drive,476.88,2019-05-18 13:41:12,Rome,Italy
207,Maestro,www.amazon.com,Laptop,530.94,2019-05-18 15:16:12,Jerusalem,Israel
208,Visa,www.ebay.com,Mobile Phone,460.90,2019-05-18 00:44:07,Singapore,Singapore
209,Maestro,www.flipkart.com,External Hard Drive,40.75,2019-05-18 22:42:16,New York City,United States
210,Maestro,www.ebay.com,TV Stand,74.08,2019-05-18 20:13:48,Bangalore,India
211,Visa,www.flipkart.com,LAN Cable,499.11,2019-05-18 03:49:11,Bangalore,India
212,MasterCard,www.flipkart.com,Mobile Phone,428.91,2019-05-18 03:54:24,Paris,France
213,Maestro,www.flipkart.com,Mobile Phone,510.01,2019-05-18 07:35:34,Paris,France
214,Visa,www.amazon.com,TV,13.98,2019-05-18 15:05:32,Kolkata,India
215,Visa,www.amazon.com,Mobile Phone,122.33,2019-05-18 08:17:10,Singapore,Singapore
216,Maestro,www.amazon.com,Desktop Computer,197.48,2019-05-18 14:32:27,Kolkata,India
217,Maestro,www.snapdeal.com,TV Stand,498.92,2019-05-18 17:08:13,Kolkata,India
218,MasterCard,www.snapdeal.com,HDMI Cable,529.60,2019-05-18 19:46:47,Bangkok,Thailand
219,MasterCard,www.ebay.com,TV,162.52,2019-05-18 16:57:34,New York City,United States
220,Visa,www.ebay.com,Text Books,276.85,2019-05-18 13:58:40,Paris,France
221,Maestro,www.amazon.com,Pen Drive,482.73,2019-05-18 17:29:18,Mumbai,India
222,MasterCard,www.ebay.com,External Hard Drive,352.05,2019-05-18 11:53:39,Bangalore,India
223,MasterCard,www.amazon.com,Pen Drive,404.24,2019-05-18 22:11:44,Mumbai,India
224,MasterCard,www.flipkart.com,Wrist Watch,89.64,2019-05-18 19:18:54,Bangalore,India
225,Maestro,www.ebay.com,TV,317.99,2019-05-18 06:57:07,Paris,France
226,Visa,www.ebay.com,TV,203.92,2019-05-18 18:39:36,New York City,United States
227,Visa,www.flipkart.com,External Hard Drive,302.69,2019-05-18 20:36:27,New Delhi,Inida
228,Maestro,www.ebay.com,Text Books,240.73,2019-05-18 06:27:16,Kolkata,India
229,Visa,www.ebay.com,Laptop,362.16,2019-05-18 15:04:24,Bangalore,India
230,Maestro,www.ebay.com,Wrist Band,446.75,2019-05-18 02:30:55,Rome,Italy
231,Visa,www.flipkart.com,Laptop,40.62,2019-05-18 21:02:31,Bangalore,India
232,MasterCard,www.amazon.com,External Hard Drive,442.00,2019-05-18 05:52:17,Hyderabad,India
233,Maestro,www.flipkart.com,TV Stand,220.88,2019-05-18 10:48:00,Hyderabad,India
234,Maestro,www.ebay.com,LAN Cable,177.33,2019-05-18 15:00:05,Mumbai,India
235,Visa,www.ebay.com,TV,472.52,2019-05-18 03:37:42,Pune,India
236,Visa,www.ebay.com,Text Books,457.36,2019-05-18 06:31:49,Paris,France
237,Maestro,www.snapdeal.com,Laptop,178.56,2019-05-18 12:40:18,Kolkata,India
238,Visa,www.snapdeal.com,LAN Cable,117.89,2019-05-18 21:26:46,Hyderabad,India
239,MasterCard,www.amazon.com,TV Stand,43.52,2019-05-18 12:30:08,Kolkata,India
240,Visa,www.snapdeal.com,TV Stand,26.75,2019-05-18 23:16:30,Bangkok,Thailand
241,Maestro,www.ebay.com,HDMI Cable,263.97,2019-05-18 08:56:59,Singapore,Singapore
242,MasterCard,www.ebay.com,Wrist Band,19.11,2019-05-18 10:31:22,Rome,Italy
243,Visa,www.amazon.com,TV Stand,203.61,2019-05-18 21:55:16,Rome,Italy
244,Visa,www.amazon.com,Mobile Phone,279.67,2019-05-18 06:58:40,New Delhi,Inida
245,MasterCard,www.amazon.com,TV,492.14,2019-05-18 22:17:09,Hyderabad,India
246,MasterCard,www.ebay.com,HDMI Cable,135.78,2019-05-18 02:37:56,Pune,India
247,MasterCard,www.amazon.com,Laptop,226.76,2019-05-18 06:19:06,Mumbai,India
248,Maestro,www.ebay.com,TV,23.65,2019-05-18 16:43:25,Pune,India
249,Maestro,www.snapdeal.com,Desktop Computer,139.57,2019-05-18 03:42:03,Chennai,India
250,Visa,www.snapdeal.com,HDMI Cable,309.05,2019-05-18 22:26:13,Hyderabad,India
251,Visa,www.snapdeal.com,LAN Cable,467.03,2019-05-18 06:46:16,Chennai,India
252,MasterCard,www.snapdeal.com,HDMI Cable,367.36,2019-05-18 19:49:20,Rome,Italy
253,MasterCard,www.amazon.com,Mobile Phone,526.49,2019-05-18 14:30:12,New Delhi,Inida
254,MasterCard,www.flipkart.com,TV,262.56,2019-05-18 14:42:53,New Delhi,Inida
255,Maestro,www.amazon.com,Laptop,193.88,2019-05-18 14:07:33,Hyderabad,India
256,Maestro,www.flipkart.com,TV Stand,192.45,2019-05-18 12:34:57,New Delhi,Inida
257,Maestro,www.snapdeal.com,LAN Cable,122.31,2019-05-18 12:05:28,New Delhi,Inida
258,Visa,www.ebay.com,External Hard Drive,543.54,2019-05-18 01:08:18,Kolkata,India
259,Visa,www.amazon.com,Wrist Watch,249.49,2019-05-18 12:59:33,Bangkok,Thailand
260,MasterCard,www.amazon.com,Wrist Band,154.13,2019-05-18 09:17:09,Kolkata,India
261,Maestro,www.amazon.com,TV Stand,376.69,2019-05-18 01:02:28,Kolkata,India
262,Maestro,www.amazon.com,Mobile Phone,409.78,2019-05-18 07:35:51,Chennai,India
263,MasterCard,www.ebay.com,Text Books,500.55,2019-05-18 15:54:04,Pune,India
264,Visa,www.snapdeal.com,Pen Drive,484.67,2019-05-18 07:54:14,Kolkata,India
265,Maestro,www.flipkart.com,HDMI Cable,527.65,2019-05-18 02:45:51,Hyderabad,India
266,MasterCard,www.amazon.com,Laptop,534.48,2019-05-18 23:10:29,Bangalore,India
267,MasterCard,www.snapdeal.com,Pen Drive,165.14,2019-05-18 12:33:44,Singapore,Singapore
268,Maestro,www.ebay.com,Text Books,126.92,2019-05-18 15:02:19,Singapore,Singapore
269,Visa,www.ebay.com,Wrist Band,290.86,2019-05-18 15:40:20,Bangkok,Thailand
270,Maestro,www.ebay.com,Laptop,78.84,2019-05-18 18:57:47,New York City,United States
271,Visa,www.ebay.com,LAN Cable,41.96,2019-05-18 10:09:08,Hyderabad,India
272,Maestro,www.amazon.com,Mobile Phone,85.49,2019-05-18 22:01:03,Hyderabad,India
273,Visa,www.ebay.com,Pen Drive,406.05,2019-05-18 06:34:13,Kolkata,India
274,MasterCard,www.ebay.com,TV,540.22,2019-05-18 09:37:39,Pune,India
275,MasterCard,www.amazon.com,Wrist Band,192.78,2019-05-18 18:28:53,Jerusalem,Israel
276,MasterCard,www.flipkart.com,Mobile Phone,170.19,2019-05-18 11:55:15,Chennai,India
277,Visa,www.amazon.com,Laptop,23.35,2019-05-18 11:14:54,Kolkata,India
278,MasterCard,www.snapdeal.com,Mobile Phone,109.40,2019-05-18 18:05:02,Mumbai,India
279,Visa,www.flipkart.com,Pen Drive,180.42,2019-05-18 12:38:15,Bangalore,India
280,Maestro,www.flipkart.com,Mobile Phone,308.39,2019-05-18 05:40:17,Rome,Italy
281,Visa,www.flipkart.com,Mobile Phone,364.45,2019-05-18 06:51:03,Rome,Italy
282,MasterCard,www.amazon.com,Laptop,26.05,2019-05-18 20:48:32,New Delhi,Inida
283,Visa,www.ebay.com,Pen Drive,327.19,2019-05-18 18:08:22,Rome,Italy
284,MasterCard,www.flipkart.com,Desktop Computer,233.35,2019-05-18 17:15:19,Rome,Italy
285,MasterCard,www.ebay.com,TV,494.66,2019-05-18 15:00:51,Rome,Italy
286,Maestro,www.amazon.com,Desktop Computer,550.07,2019-05-18 05:27:47,New Delhi,Inida
287,Maestro,www.flipkart.com,Wrist Watch,304.10,2019-05-18 02:53:50,London,United Kingdom
288,MasterCard,www.snapdeal.com,Mobile Phone,365.85,2019-05-18 06:26:55,Paris,France
289,Visa,www.ebay.com,TV,123.92,2019-05-18 12:15:24,Mumbai,India
290,Maestro,www.snapdeal.com,Laptop,23.56,2019-05-18 18:16:04,Chennai,India
291,Visa,www.snapdeal.com,Mobile Phone,243.59,2019-05-18 00:00:23,Paris,France
292,Maestro,www.flipkart.com,Text Books,106.47,2019-05-18 18:51:34,Hyderabad,India
293,Visa,www.amazon.com,Wrist Watch,514.79,2019-05-18 11:53:47,Rome,Italy
294,MasterCard,www.flipkart.com,LAN Cable,511.77,2019-05-18 06:45:53,New Delhi,Inida
295,Visa,www.amazon.com,TV,375.44,2019-05-18 12:33:07,Bangkok,Thailand
296,MasterCard,www.ebay.com,HDMI Cable,260.43,2019-05-18 07:09:23,Bangalore,India
297,MasterCard,www.flipkart.com,TV,180.64,2019-05-18 12:31:42,London,United Kingdom
298,Visa,www.snapdeal.com,TV,156.37,2019-05-18 05:47:04,Hyderabad,India
299,Maestro,www.ebay.com,Text Books,222.85,2019-05-18 01:26:14,New Delhi,Inida
300,Visa,www.snapdeal.com,TV,113.67,2019-05-18 12:57:03,Mumbai,India
301,Maestro,www.flipkart.com,External Hard Drive,301.73,2019-05-18 01:23:09,Singapore,Singapore
302,Maestro,www.snapdeal.com,TV,444.46,2019-05-18 07:59:54,Rome,Italy
303,Visa,www.amazon.com,Laptop,459.45,2019-05-18 10:01:06,Rome,Italy
304,MasterCard,www.snapdeal.com,Wrist Band,288.02,2019-05-18 11:04:37,Bangalore,India
305,MasterCard,www.snapdeal.com,TV,159.24,2019-05-18 18:21:13,Mumbai,India
306,MasterCard,www.ebay.com,Desktop Computer,541.75,2019-05-18 17:57:26,New York City,United States
307,MasterCard,www.ebay.com,Wrist Band,178.37,2019-05-18 20:14:27,Chennai,India
308,Maestro,www.snapdeal.com,Desktop Computer,134.17,2019-05-18 05:40:54,Mumbai,India
309,Maestro,www.ebay.com,Mobile Phone,464.65,2019-05-18 02:50:35,Rome,Italy
310,Maestro,www.snapdeal.com,Wrist Watch,285.34,2019-05-18 17:49:59,Bangalore,India
311,MasterCard,www.flipkart.com,Wrist Watch,476.98,2019-05-18 06:54:12,Kolkata,India
312,Maestro,www.flipkart.com,Wrist Band,158.70,2019-05-18 13:13:00,Rome,Italy
313,Maestro,www.flipkart.com,Wrist Band,332.88,2019-05-18 04:01:46,Bangkok,Thailand
314,Maestro,www.flipkart.com,Pen Drive,93.69,2019-05-18 22:46:41,New York City,United States
315,MasterCard,www.snapdeal.com,Wrist Watch,298.03,2019-05-18 10:06:08,New York City,United States
316,Maestro,www.ebay.com,TV Stand,423.78,2019-05-18 01:28:13,Kolkata,India
317,Maestro,www.ebay.com,LAN Cable,417.45,2019-05-18 16:37:35,Rome,Italy
318,Maestro,www.ebay.com,Desktop Computer,530.45,2019-05-18 22:11:45,New Delhi,Inida
319,Visa,www.flipkart.com,Wrist Watch,232.38,2019-05-18 08:08:56,Singapore,Singapore
320,Maestro,www.flipkart.com,Wrist Band,461.88,2019-05-18 23:10:17,Chennai,India
321,MasterCard,www.snapdeal.com,Wrist Band,109.61,2019-05-18 18:51:28,Jerusalem,Israel
322,MasterCard,www.ebay.com,Mobile Phone,168.12,2019-05-18 13:51:51,Singapore,Singapore
323,Maestro,www.amazon.com,Laptop,533.69,2019-05-18 03:11:27,Rome,Italy
324,Maestro,www.snapdeal.com,Desktop Computer,91.07,2019-05-18 18:55:33,Hyderabad,India
325,Visa,www.snapdeal.com,Desktop Computer,339.79,2019-05-18 06:58:30,Pune,India
326,Maestro,www.amazon.com,Pen Drive,258.69,2019-05-18 06:21:34,Rome,Italy
327,Maestro,www.flipkart.com,Desktop Computer,497.87,2019-05-18 12:37:22,Chennai,India
328,Visa,www.snapdeal.com,TV,69.58,2019-05-18 08:47:39,Paris,France
329,Maestro,www.snapdeal.com,Pen Drive,283.45,2019-05-18 09:56:51,London,United Kingdom
330,Visa,www.amazon.com,TV,525.94,2019-05-18 13:59:03,Mumbai,India
331,MasterCard,www.ebay.com,Wrist Watch,362.48,2019-05-18 01:15:55,New Delhi,Inida
332,MasterCard,www.amazon.com,TV,509.30,2019-05-18 06:55:51,New Delhi,Inida
333,Visa,www.snapdeal.com,Text Books,502.72,2019-05-18 14:06:51,Mumbai,India
334,Visa,www.amazon.com,Wrist Band,45.25,2019-05-18 23:40:40,Mumbai,India
335,Visa,www.flipkart.com,Laptop,408.34,2019-05-18 01:00:06,Bangkok,Thailand
336,MasterCard,www.ebay.com,TV,111.84,2019-05-18 07:02:30,Jerusalem,Israel
337,Maestro,www.flipkart.com,Desktop Computer,364.54,2019-05-18 14:03:21,New York City,United States
338,MasterCard,www.snapdeal.com,TV,271.88,2019-05-18 00:33:33,Kolkata,India
339,Maestro,www.flipkart.com,LAN Cable,393.34,2019-05-18 04:14:04,Singapore,Singapore
340,Maestro,www.flipkart.com,Text Books,490.79,2019-05-18 03:43:32,London,United Kingdom
341,MasterCard,www.snapdeal.com,External Hard Drive,329.75,2019-05-18 02:05:29,Mumbai,India
342,MasterCard,www.ebay.com,External Hard Drive,509.89,2019-05-18 17:04:19,Pune,India
343,Maestro,www.amazon.com,Laptop,136.75,2019-05-18 23:43:05,Rome,Italy
344,Visa,www.amazon.com,TV,359.76,2019-05-18 23:53:31,New Delhi,Inida
345,Visa,www.ebay.com,TV,221.70,2019-05-18 13:37:13,Hyderabad,India
346,Visa,www.amazon.com,Pen Drive,212.04,2019-05-18 06:40:34,Bangkok,Thailand
347,MasterCard,www.snapdeal.com,Text Books,550.34,2019-05-18 03:32:29,Paris,France
348,Maestro,www.snapdeal.com,Wrist Band,397.73,2019-05-18 00:55:41,New York City,United States
349,Maestro,www.ebay.com,TV Stand,181.20,2019-05-18 23:01:29,Hyderabad,India
350,Maestro,www.snapdeal.com,LAN Cable,14.68,2019-05-18 19:30:59,Bangkok,Thailand
351,MasterCard,www.flipkart.com,External Hard Drive,340.27,2019-05-18 23:34:40,Singapore,Singapore
352,Visa,www.snapdeal.com,Desktop Computer,257.42,2019-05-18 10:42:30,Hyderabad,India
353,Visa,www.amazon.com,Mobile Phone,106.97,2019-05-18 07:35:37,Paris,France
354,MasterCard,www.flipkart.com,Pen Drive,481.78,2019-05-18 14:19:35,New Delhi,Inida
355,MasterCard,www.snapdeal.com,Laptop,517.98,2019-05-18 21:59:08,New Delhi,Inida
356,Visa,www.amazon.com,Desktop Computer,264.17,2019-05-18 23:41:46,Rome,Italy
357,Visa,www.ebay.com,Wrist Band,204.17,2019-05-18 22:35:28,Kolkata,India
358,Maestro,www.flipkart.com,TV,310.59,2019-05-18 13:14:31,Mumbai,India
359,MasterCard,www.amazon.com,Wrist Band,69.25,2019-05-18 04:41:08,Chennai,India
360,Visa,www.ebay.com,Mobile Phone,179.19,2019-05-18 09:27:06,Hyderabad,India
361,Maestro,www.flipkart.com,Wrist Watch,476.06,2019-05-18 05:58:05,London,United Kingdom
362,Visa,www.flipkart.com,Mobile Phone,472.28,2019-05-18 09:05:16,Singapore,Singapore
363,Maestro,www.snapdeal.com,LAN Cable,524.37,2019-05-18 11:32:24,Mumbai,India
364,Visa,www.ebay.com,Wrist Watch,9.72,2019-05-18 06:51:57,Mumbai,India
365,MasterCard,www.ebay.com,TV Stand,381.57,2019-05-18 14:28:29,Kolkata,India
366,Visa,www.flipkart.com,Laptop,499.23,2019-05-18 22:59:17,Chennai,India
367,Visa,www.snapdeal.com,Text Books,26.62,2019-05-18 08:33:23,Bangalore,India
368,Visa,www.snapdeal.com,External Hard Drive,254.95,2019-05-18 23:11:37,Pune,India
369,Visa,www.flipkart.com,HDMI Cable,308.37,2019-05-18 22:22:42,New York City,United States
370,Visa,www.snapdeal.com,Desktop Computer,217.89,2019-05-18 04:29:26,Kolkata,India
371,Visa,www.snapdeal.com,Text Books,364.94,2019-05-18 01:12:21,Kolkata,India
372,Maestro,www.ebay.com,Mobile Phone,56.00,2019-05-18 21:22:56,Chennai,India
373,Visa,www.amazon.com,Text Books,236.57,2019-05-18 16:44:23,Paris,France
374,Visa,www.flipkart.com,Mobile Phone,92.35,2019-05-18 05:21:01,Bangalore,India
375,Visa,www.flipkart.com,Desktop Computer,440.22,2019-05-18 13:14:27,Bangalore,India
376,Visa,www.amazon.com,Desktop Computer,518.94,2019-05-18 07:04:20,Kolkata,India
377,MasterCard,www.ebay.com,Desktop Computer,409.83,2019-05-18 14:48:11,Singapore,Singapore
378,Visa,www.ebay.com,HDMI Cable,320.33,2019-05-18 22:46:51,Chennai,India
379,Maestro,www.snapdeal.com,TV,491.00,2019-05-18 20:22:22,Singapore,Singapore
380,Maestro,www.ebay.com,HDMI Cable,477.06,2019-05-18 06:57:02,Paris,France
381,Visa,www.flipkart.com,LAN Cable,186.27,2019-05-18 08:54:36,Jerusalem,Israel
382,MasterCard,www.snapdeal.com,TV,449.09,2019-05-18 18:15:45,New Delhi,Inida
383,Maestro,www.amazon.com,Laptop,353.98,2019-05-18 06:45:24,New Delhi,Inida
384,Visa,www.ebay.com,Text Books,357.75,2019-05-18 14:54:44,Bangkok,Thailand
385,Visa,www.flipkart.com,LAN Cable,340.53,2019-05-18 03:03:54,Chennai,India
386,Maestro,www.ebay.com,Pen Drive,252.37,2019-05-18 05:57:42,London,United Kingdom
387,Maestro,www.snapdeal.com,Laptop,351.86,2019-05-18 23:46:04,Singapore,Singapore
388,Maestro,www.snapdeal.com,TV Stand,292.22,2019-05-18 16:04:21,Singapore,Singapore
389,Maestro,www.amazon.com,TV Stand,198.55,2019-05-18 13:48:49,Chennai,India
390,MasterCard,www.ebay.com,LAN Cable,278.74,2019-05-18 04:54:54,Bangkok,Thailand
391,Visa,www.flipkart.com,HDMI Cable,43.63,2019-05-18 05:50:32,Paris,France
392,Visa,www.amazon.com,TV,183.87,2019-05-18 03:14:52,Rome,Italy
393,MasterCard,www.flipkart.com,Text Books,47.25,2019-05-18 02:43:17,Singapore,Singapore
394,MasterCard,www.ebay.com,Wrist Band,163.80,2019-05-18 06:38:26,Pune,India
395,Maestro,www.snapdeal.com,TV,125.71,2019-05-18 01:11:23,London,United Kingdom
396,MasterCard,www.flipkart.com,TV,252.19,2019-05-18 18:37:00,Jerusalem,Israel
397,Visa,www.amazon.com,Text Books,331.62,2019-05-18 03:30:20,New York City,United States
398,MasterCard,www.ebay.com,Desktop Computer,528.99,2019-05-18 05:36:01,Singapore,Singapore
399,Visa,www.ebay.com,Mobile Phone,492.02,2019-05-18 18:40:59,Bangkok,Thailand
400,MasterCard,www.amazon.com,External Hard Drive,517.86,2019-05-18 22:33:32,Jerusalem,Israel
401,Visa,www.flipkart.com,Mobile Phone,433.03,2019-05-18 19:45:31,Jerusalem,Israel
402,Visa,www.amazon.com,TV Stand,44.21,2019-05-18 16:32:36,Rome,Italy
403,Maestro,www.amazon.com,TV Stand,29.26,2019-05-18 23:35:25,Kolkata,India
404,MasterCard,www.ebay.com,Laptop,144.17,2019-05-18 04:18:30,Bangkok,Thailand
405,Maestro,www.flipkart.com,TV Stand,40.94,2019-05-18 02:41:10,Bangalore,India
406,Visa,www.flipkart.com,Wrist Watch,147.71,2019-05-18 18:55:54,Paris,France
407,Visa,www.ebay.com,HDMI Cable,508.62,2019-05-18 21:57:27,London,United Kingdom
408,MasterCard,www.amazon.com,HDMI Cable,369.14,2019-05-18 23:40:21,New York City,United States
409,MasterCard,www.flipkart.com,TV,513.05,2019-05-18 07:03:03,London,United Kingdom
410,Maestro,www.amazon.com,Desktop Computer,311.03,2019-05-18 01:17:10,Chennai,India
411,Maestro,www.flipkart.com,Laptop,411.79,2019-05-18 11:52:50,Mumbai,India
412,Maestro,www.ebay.com,TV,359.35,2019-05-18 10:11:36,New Delhi,Inida
413,Visa,www.ebay.com,LAN Cable,309.66,2019-05-18 13:30:37,New York City,United States
414,Visa,www.ebay.com,TV,16.13,2019-05-18 14:42:56,Paris,France
415,MasterCard,www.snapdeal.com,TV,426.11,2019-05-18 05:36:35,Bangalore,India
416,Visa,www.ebay.com,Pen Drive,398.15,2019-05-18 21:50:24,Pune,India
417,Visa,www.ebay.com,Wrist Watch,349.51,2019-05-18 07:39:32,Rome,Italy
418,MasterCard,www.flipkart.com,Mobile Phone,127.91,2019-05-18 10:17:33,Kolkata,India
419,Maestro,www.flipkart.com,Laptop,416.82,2019-05-18 03:38:42,Rome,Italy
420,MasterCard,www.amazon.com,Text Books,427.05,2019-05-18 20:19:26,New Delhi,Inida
421,Maestro,www.ebay.com,Wrist Watch,14.08,2019-05-18 02:23:13,Paris,France
422,Maestro,www.ebay.com,Wrist Watch,269.22,2019-05-18 07:20:14,Chennai,India
423,MasterCard,www.ebay.com,HDMI Cable,444.39,2019-05-18 11:47:28,Jerusalem,Israel
424,Visa,www.ebay.com,TV Stand,238.79,2019-05-18 18:10:20,Mumbai,India
425,Visa,www.snapdeal.com,Text Books,247.76,2019-05-18 09:45:39,New Delhi,Inida
426,Visa,www.snapdeal.com,Wrist Watch,477.24,2019-05-18 16:36:30,New York City,United States
427,Visa,www.flipkart.com,Text Books,397.43,2019-05-18 12:39:35,Kolkata,India
428,Visa,www.snapdeal.com,Laptop,369.01,2019-05-18 08:35:12,Paris,France
429,MasterCard,www.amazon.com,LAN Cable,532.92,2019-05-18 09:43:20,Bangkok,Thailand
430,MasterCard,www.snapdeal.com,TV,155.36,2019-05-18 15:30:28,New Delhi,Inida
431,MasterCard,www.ebay.com,Desktop Computer,119.90,2019-05-18 13:33:55,London,United Kingdom
432,Visa,www.ebay.com,LAN Cable,60.43,2019-05-18 07:11:02,Chennai,India
433,Maestro,www.flipkart.com,HDMI Cable,5.66,2019-05-18 18:24:33,Kolkata,India
434,Visa,www.amazon.com,Pen Drive,76.63,2019-05-18 23:05:06,Rome,Italy
435,Maestro,www.amazon.com,Text Books,244.70,2019-05-18 13:55:36,Kolkata,India
436,Visa,www.flipkart.com,Text Books,57.04,2019-05-18 12:35:48,Kolkata,India
437,Visa,www.amazon.com,Desktop Computer,79.04,2019-05-18 21:33:22,New Delhi,Inida
438,MasterCard,www.snapdeal.com,LAN Cable,394.77,2019-05-18 14:41:13,London,United Kingdom
439,Maestro,www.ebay.com,Mobile Phone,416.10,2019-05-18 05:03:19,New Delhi,Inida
440,Visa,www.ebay.com,Laptop,348.00,2019-05-18 05:29:57,Mumbai,India
441,Visa,www.amazon.com,Wrist Watch,419.92,2019-05-18 03:25:25,Hyderabad,India
442,MasterCard,www.flipkart.com,Desktop Computer,136.85,2019-05-18 06:38:55,Chennai,India
443,Maestro,www.flipkart.com,Wrist Band,419.66,2019-05-18 07:46:27,Rome,Italy
444,Maestro,www.snapdeal.com,Pen Drive,153.02,2019-05-18 04:25:18,Chennai,India
445,Visa,www.amazon.com,Text Books,241.34,2019-05-18 07:52:59,London,United Kingdom
446,Maestro,www.flipkart.com,Wrist Band,533.44,2019-05-18 19:38:42,Chennai,India
447,MasterCard,www.amazon.com,TV Stand,123.08,2019-05-18 01:02:45,Hyderabad,India
448,MasterCard,www.ebay.com,HDMI Cable,77.77,2019-05-18 11:56:00,New Delhi,Inida
449,Maestro,www.amazon.com,TV,327.85,2019-05-18 18:40:38,Kolkata,India
450,Maestro,www.ebay.com,TV Stand,465.32,2019-05-18 20:11:38,Bangkok,Thailand
451,MasterCard,www.snapdeal.com,Wrist Band,266.51,2019-05-18 19:20:30,Hyderabad,India
452,MasterCard,www.flipkart.com,HDMI Cable,69.72,2019-05-18 16:16:28,Chennai,India
453,MasterCard,www.snapdeal.com,Wrist Band,169.91,2019-05-18 04:52:37,New Delhi,Inida
454,MasterCard,www.flipkart.com,TV,72.68,2019-05-18 20:48:53,Chennai,India
455,Maestro,www.ebay.com,HDMI Cable,472.87,2019-05-18 00:28:04,Kolkata,India
456,Visa,www.amazon.com,External Hard Drive,280.99,2019-05-18 07:32:27,London,United Kingdom
457,Maestro,www.ebay.com,Mobile Phone,289.74,2019-05-18 18:08:53,Bangalore,India
458,Maestro,www.flipkart.com,HDMI Cable,60.46,2019-05-18 12:26:14,Jerusalem,Israel
459,MasterCard,www.flipkart.com,HDMI Cable,530.57,2019-05-18 02:54:35,Rome,Italy
460,Visa,www.snapdeal.com,TV Stand,36.74,2019-05-18 01:13:15,Rome,Italy
461,Maestro,www.amazon.com,TV,546.08,2019-05-18 21:59:24,Jerusalem,Israel
462,Visa,www.ebay.com,Desktop Computer,338.43,2019-05-18 19:22:20,London,United Kingdom
463,Visa,www.snapdeal.com,Desktop Computer,151.85,2019-05-18 04:15:16,Kolkata,India
464,MasterCard,www.amazon.com,LAN Cable,256.17,2019-05-18 11:05:39,New York City,United States
465,Visa,www.flipkart.com,Desktop Computer,298.50,2019-05-18 10:42:33,Bangkok,Thailand
466,MasterCard,www.amazon.com,TV Stand,401.90,2019-05-18 07:40:20,Hyderabad,India
467,Visa,www.amazon.com,Wrist Watch,260.36,2019-05-18 17:06:35,Jerusalem,Israel
468,Visa,www.amazon.com,TV,502.28,2019-05-18 19:56:29,Bangkok,Thailand
469,Visa,www.ebay.com,Text Books,135.50,2019-05-18 09:42:31,London,United Kingdom
470,Maestro,www.ebay.com,TV,263.10,2019-05-18 15:20:08,Kolkata,India
471,Maestro,www.flipkart.com,Wrist Watch,455.35,2019-05-18 01:46:13,Mumbai,India
472,Visa,www.amazon.com,Wrist Band,174.89,2019-05-18 03:47:46,Singapore,Singapore
473,Visa,www.ebay.com,Wrist Watch,341.39,2019-05-18 23:15:21,Mumbai,India
474,Visa,www.ebay.com,Mobile Phone,81.98,2019-05-18 05:37:18,Bangkok,Thailand
475,Maestro,www.amazon.com,Text Books,285.18,2019-05-18 10:58:54,Singapore,Singapore
476,Visa,www.amazon.com,Mobile Phone,249.35,2019-05-18 06:30:41,New Delhi,Inida
477,MasterCard,www.flipkart.com,TV Stand,129.72,2019-05-18 06:48:53,New Delhi,Inida
478,Maestro,www.amazon.com,HDMI Cable,415.02,2019-05-18 20:33:37,Kolkata,India
479,MasterCard,www.snapdeal.com,Wrist Watch,416.53,2019-05-18 15:29:42,Bangkok,Thailand
480,Maestro,www.snapdeal.com,Wrist Watch,51.29,2019-05-18 12:18:49,Rome,Italy
481,Visa,www.snapdeal.com,Wrist Watch,224.06,2019-05-18 22:42:37,Chennai,India
482,MasterCard,www.flipkart.com,Mobile Phone,139.13,2019-05-18 17:01:05,Kolkata,India
483,Maestro,www.ebay.com,Pen Drive,121.30,2019-05-18 11:11:35,Bangalore,India
484,Maestro,www.amazon.com,TV Stand,369.22,2019-05-18 23:30:59,Pune,India
485,MasterCard,www.amazon.com,TV Stand,335.48,2019-05-18 15:41:36,Pune,India
486,Maestro,www.flipkart.com,Text Books,225.75,2019-05-18 02:57:07,London,United Kingdom
487,Visa,www.ebay.com,Text Books,74.28,2019-05-18 04:34:07,Paris,France
488,MasterCard,www.ebay.com,HDMI Cable,457.62,2019-05-18 15:00:46,Bangalore,India
489,Maestro,www.snapdeal.com,HDMI Cable,493.15,2019-05-18 15:26:03,Hyderabad,India
490,Maestro,www.ebay.com,TV,447.06,2019-05-18 19:52:02,New York City,United States
491,Maestro,www.flipkart.com,TV Stand,107.91,2019-05-18 17:33:32,Chennai,India
492,Visa,www.amazon.com,Laptop,116.24,2019-05-18 01:40:54,Bangalore,India
493,MasterCard,www.ebay.com,Wrist Watch,412.63,2019-05-18 20:23:14,Kolkata,India
494,MasterCard,www.snapdeal.com,External Hard Drive,468.84,2019-05-18 18:12:14,Chennai,India
495,Maestro,www.flipkart.com,HDMI Cable,191.61,2019-05-18 21:05:09,Chennai,India
496,MasterCard,www.snapdeal.com,Mobile Phone,402.17,2019-05-18 05:36:09,Pune,India
497,Maestro,www.ebay.com,Text Books,70.20,2019-05-18 00:36:05,Paris,France
498,Visa,www.flipkart.com,External Hard Drive,432.46,2019-05-18 04:15:01,Mumbai,India
499,MasterCard,www.amazon.com,TV,134.52,2019-05-18 10:26:08,New York City,United States
500,MasterCard,www.snapdeal.com,TV Stand,474.45,2019-05-18 16:47:52,Hyderabad,India
501,Visa,www.snapdeal.com,Pen Drive,442.42,2019-05-18 22:16:43,Bangkok,Thailand
502,MasterCard,www.flipkart.com,Mobile Phone,113.54,2019-05-18 02:43:31,London,United Kingdom
503,Maestro,www.amazon.com,Text Books,513.42,2019-05-18 13:26:06,London,United Kingdom
504,Visa,www.amazon.com,External Hard Drive,359.12,2019-05-18 11:42:26,Hyderabad,India
505,Maestro,www.snapdeal.com,External Hard Drive,241.26,2019-05-18 16:11:15,Chennai,India
506,Visa,www.amazon.com,Laptop,197.54,2019-05-18 14:42:52,Bangkok,Thailand
507,MasterCard,www.amazon.com,TV Stand,106.84,2019-05-18 21:20:35,Rome,Italy
508,Maestro,www.snapdeal.com,Desktop Computer,475.58,2019-05-18 16:21:35,New Delhi,Inida
509,Visa,www.flipkart.com,HDMI Cable,180.11,2019-05-18 06:57:04,Kolkata,India
510,MasterCard,www.snapdeal.com,External Hard Drive,467.74,2019-05-18 03:47:52,Singapore,Singapore
511,Maestro,www.ebay.com,TV Stand,353.62,2019-05-18 01:34:14,Mumbai,India
512,MasterCard,www.ebay.com,External Hard Drive,237.66,2019-05-18 05:01:00,Chennai,India
513,Maestro,www.snapdeal.com,Mobile Phone,400.52,2019-05-18 13:31:03,Paris,France
514,Maestro,www.ebay.com,Wrist Band,475.82,2019-05-18 15:44:54,New Delhi,Inida
515,Visa,www.amazon.com,External Hard Drive,332.13,2019-05-18 21:00:19,New Delhi,Inida
516,Visa,www.amazon.com,Wrist Band,109.94,2019-05-18 03:23:46,London,United Kingdom
517,Maestro,www.amazon.com,Desktop Computer,492.76,2019-05-18 02:54:45,Paris,France
518,Maestro,www.amazon.com,Laptop,37.52,2019-05-18 10:57:30,Jerusalem,Israel
519,MasterCard,www.snapdeal.com,Desktop Computer,313.67,2019-05-18 08:11:21,Paris,France
520,Maestro,www.flipkart.com,TV,265.67,2019-05-18 01:29:20,Mumbai,India
521,Visa,www.flipkart.com,Mobile Phone,45.95,2019-05-18 13:57:05,Hyderabad,India
522,Visa,www.ebay.com,Wrist Watch,279.52,2019-05-18 23:28:57,Rome,Italy
523,MasterCard,www.snapdeal.com,Wrist Band,259.95,2019-05-18 15:14:28,Pune,India
524,MasterCard,www.amazon.com,Desktop Computer,147.29,2019-05-18 11:20:39,Paris,France
525,Maestro,www.flipkart.com,Text Books,421.17,2019-05-18 02:29:18,Pune,India
526,MasterCard,www.flipkart.com,External Hard Drive,360.38,2019-05-18 23:55:26,London,United Kingdom
527,Visa,www.flipkart.com,Laptop,400.27,2019-05-18 08:39:28,Pune,India
528,Maestro,www.ebay.com,Desktop Computer,151.54,2019-05-18 22:13:50,Pune,India
529,Visa,www.ebay.com,Wrist Watch,156.24,2019-05-18 17:09:06,Bangalore,India
530,Maestro,www.snapdeal.com,Laptop,513.70,2019-05-18 14:33:21,Kolkata,India
531,Maestro,www.amazon.com,Wrist Watch,248.78,2019-05-18 04:45:34,London,United Kingdom
532,MasterCard,www.ebay.com,External Hard Drive,249.49,2019-05-18 18:10:15,Chennai,India
533,Maestro,www.amazon.com,LAN Cable,458.94,2019-05-18 05:33:03,New York City,United States
534,Maestro,www.snapdeal.com,External Hard Drive,288.14,2019-05-18 23:35:40,Kolkata,India
535,Visa,www.snapdeal.com,Laptop,445.31,2019-05-18 09:59:18,Chennai,India
536,MasterCard,www.snapdeal.com,HDMI Cable,157.18,2019-05-18 00:06:53,Chennai,India
537,Maestro,www.ebay.com,Wrist Watch,288.62,2019-05-18 10:24:22,Pune,India
538,Maestro,www.ebay.com,Text Books,526.92,2019-05-18 03:15:45,New York City,United States
539,MasterCard,www.amazon.com,TV Stand,348.39,2019-05-18 17:22:58,Kolkata,India
540,Visa,www.flipkart.com,TV,383.14,2019-05-18 10:41:11,Chennai,India
541,Visa,www.amazon.com,HDMI Cable,311.12,2019-05-18 06:25:15,Jerusalem,Israel
542,Visa,www.snapdeal.com,Pen Drive,262.67,2019-05-18 08:15:45,Pune,India
543,MasterCard,www.flipkart.com,TV Stand,292.66,2019-05-18 00:34:59,Rome,Italy
544,Maestro,www.snapdeal.com,HDMI Cable,241.98,2019-05-18 15:03:46,Bangkok,Thailand
545,MasterCard,www.ebay.com,Mobile Phone,450.71,2019-05-18 01:00:52,London,United Kingdom
546,MasterCard,www.flipkart.com,LAN Cable,295.00,2019-05-18 04:55:54,Mumbai,India
547,Maestro,www.ebay.com,Pen Drive,442.22,2019-05-18 11:14:14,Singapore,Singapore
548,Maestro,www.amazon.com,Mobile Phone,549.89,2019-05-18 23:00:08,Hyderabad,India
549,Visa,www.ebay.com,TV,526.23,2019-05-18 00:14:06,Jerusalem,Israel
550,Visa,www.flipkart.com,TV Stand,176.71,2019-05-18 09:14:10,New Delhi,Inida
551,MasterCard,www.flipkart.com,LAN Cable,224.50,2019-05-18 16:07:40,Hyderabad,India
552,MasterCard,www.snapdeal.com,Laptop,480.31,2019-05-18 21:22:28,Jerusalem,Israel
553,Maestro,www.flipkart.com,LAN Cable,297.11,2019-05-18 07:49:03,Bangkok,Thailand
554,MasterCard,www.ebay.com,Laptop,380.80,2019-05-18 05:03:22,Bangkok,Thailand
555,MasterCard,www.flipkart.com,Text Books,502.98,2019-05-18 11:51:31,Chennai,India
556,Visa,www.amazon.com,Mobile Phone,360.37,2019-05-18 20:03:00,Hyderabad,India
557,Maestro,www.flipkart.com,Wrist Watch,432.73,2019-05-18 20:21:50,New Delhi,Inida
558,Visa,www.snapdeal.com,TV Stand,138.05,2019-05-18 15:04:01,Bangalore,India
559,Maestro,www.flipkart.com,Wrist Watch,443.95,2019-05-18 09:36:27,Chennai,India
560,Maestro,www.flipkart.com,Wrist Watch,22.54,2019-05-18 19:51:45,Rome,Italy
561,Maestro,www.amazon.com,Wrist Band,22.98,2019-05-18 18:41:28,Jerusalem,Israel
562,Visa,www.snapdeal.com,External Hard Drive,280.78,2019-05-18 08:47:52,Kolkata,India
563,Visa,www.snapdeal.com,Text Books,35.94,2019-05-18 09:41:18,Mumbai,India
564,Maestro,www.flipkart.com,Pen Drive,432.29,2019-05-18 15:43:17,Kolkata,India
565,MasterCard,www.flipkart.com,Desktop Computer,509.14,2019-05-18 00:40:00,Bangkok,Thailand
566,MasterCard,www.amazon.com,Wrist Watch,224.18,2019-05-18 17:24:44,Rome,Italy
567,Maestro,www.ebay.com,Text Books,136.22,2019-05-18 19:31:36,Mumbai,India
568,MasterCard,www.ebay.com,Laptop,334.57,2019-05-18 13:10:36,New York City,United States
569,MasterCard,www.amazon.com,TV,253.48,2019-05-18 17:38:02,Rome,Italy
570,Visa,www.amazon.com,Desktop Computer,489.02,2019-05-18 00:41:12,Bangalore,India
571,MasterCard,www.snapdeal.com,Pen Drive,489.00,2019-05-18 07:22:42,Kolkata,India
572,MasterCard,www.ebay.com,Desktop Computer,73.81,2019-05-18 05:17:52,Bangalore,India
573,MasterCard,www.ebay.com,Desktop Computer,67.69,2019-05-18 23:18:43,Hyderabad,India
574,Maestro,www.flipkart.com,Text Books,277.28,2019-05-18 23:25:18,New York City,United States
575,Visa,www.flipkart.com,Text Books,8.75,2019-05-18 22:06:49,Paris,France
576,MasterCard,www.ebay.com,Text Books,522.79,2019-05-18 22:12:04,Rome,Italy
577,Maestro,www.snapdeal.com,Wrist Watch,317.97,2019-05-18 12:14:52,Pune,India
578,Maestro,www.ebay.com,TV Stand,345.65,2019-05-18 07:40:33,Hyderabad,India
579,Visa,www.snapdeal.com,Laptop,539.64,2019-05-18 14:11:30,Mumbai,India
580,Maestro,www.ebay.com,Pen Drive,89.46,2019-05-18 10:56:07,New Delhi,Inida
581,Visa,www.snapdeal.com,TV,162.77,2019-05-18 11:37:36,Jerusalem,Israel
582,MasterCard,www.snapdeal.com,Laptop,148.59,2019-05-18 17:29:51,Rome,Italy
583,Maestro,www.amazon.com,LAN Cable,387.57,2019-05-18 01:43:34,Bangalore,India
584,MasterCard,www.amazon.com,Laptop,62.38,2019-05-18 19:47:16,Bangalore,India
585,MasterCard,www.amazon.com,Mobile Phone,130.69,2019-05-18 01:32:32,New York City,United States
586,Maestro,www.ebay.com,External Hard Drive,507.30,2019-05-18 21:31:35,Rome,Italy
587,Maestro,www.snapdeal.com,External Hard Drive,269.55,2019-05-18 12:52:13,Pune,India
588,Maestro,www.amazon.com,Wrist Band,390.68,2019-05-18 10:39:52,Pune,India
589,MasterCard,www.flipkart.com,TV Stand,171.62,2019-05-18 21:18:37,Bangalore,India
590,Visa,www.snapdeal.com,Laptop,120.10,2019-05-18 20:03:43,Jerusalem,Israel
591,MasterCard,www.ebay.com,TV Stand,415.27,2019-05-18 03:32:43,New York City,United States
592,Maestro,www.flipkart.com,TV Stand,334.74,2019-05-18 08:25:47,Kolkata,India
593,MasterCard,www.snapdeal.com,Pen Drive,504.01,2019-05-18 21:54:34,Jerusalem,Israel
594,Maestro,www.flipkart.com,External Hard Drive,49.74,2019-05-18 01:31:44,Kolkata,India
595,Maestro,www.amazon.com,Wrist Band,373.24,2019-05-18 03:10:36,Pune,India
596,Maestro,www.ebay.com,TV Stand,21.40,2019-05-18 04:45:02,Bangkok,Thailand
597,Maestro,www.ebay.com,TV,389.69,2019-05-18 21:39:05,Jerusalem,Israel
598,Maestro,www.ebay.com,Pen Drive,276.89,2019-05-18 13:49:03,Kolkata,India
599,Maestro,www.flipkart.com,Text Books,440.04,2019-05-18 01:59:44,Hyderabad,India
600,Maestro,www.amazon.com,Wrist Watch,466.75,2019-05-18 07:45:49,London,United Kingdom
601,MasterCard,www.flipkart.com,Laptop,325.73,2019-05-18 14:24:31,Pune,India
602,Maestro,www.flipkart.com,TV,15.03,2019-05-18 14:45:50,Paris,France
603,Visa,www.flipkart.com,Pen Drive,81.26,2019-05-18 00:01:26,Hyderabad,India
604,Maestro,www.ebay.com,Desktop Computer,298.09,2019-05-18 04:22:44,Paris,France
605,MasterCard,www.snapdeal.com,TV Stand,209.19,2019-05-18 05:52:34,Mumbai,India
606,MasterCard,www.flipkart.com,HDMI Cable,185.03,2019-05-18 06:39:07,Mumbai,India
607,MasterCard,www.amazon.com,Text Books,319.94,2019-05-18 22:33:27,Jerusalem,Israel
608,MasterCard,www.flipkart.com,Mobile Phone,45.35,2019-05-18 00:50:53,Kolkata,India
609,Maestro,www.amazon.com,Wrist Band,412.00,2019-05-18 02:03:21,Pune,India
610,MasterCard,www.ebay.com,Laptop,251.69,2019-05-18 02:36:32,Kolkata,India
611,Maestro,www.ebay.com,Text Books,319.56,2019-05-18 13:57:47,Bangkok,Thailand
612,Maestro,www.snapdeal.com,Mobile Phone,482.89,2019-05-18 11:05:06,New York City,United States
613,MasterCard,www.flipkart.com,Text Books,181.11,2019-05-18 22:25:32,Kolkata,India
614,Visa,www.snapdeal.com,Mobile Phone,260.27,2019-05-18 06:34:49,London,United Kingdom
615,MasterCard,www.snapdeal.com,Wrist Band,203.56,2019-05-18 16:43:00,Pune,India
616,Visa,www.flipkart.com,Wrist Band,292.43,2019-05-18 07:52:15,New York City,United States
617,Visa,www.amazon.com,Wrist Band,66.73,2019-05-18 18:38:56,Mumbai,India
618,Visa,www.amazon.com,Pen Drive,320.87,2019-05-18 11:16:11,New York City,United States
619,Maestro,www.flipkart.com,Mobile Phone,340.08,2019-05-18 21:02:52,London,United Kingdom
620,Visa,www.flipkart.com,Wrist Band,112.95,2019-05-18 19:19:11,New Delhi,Inida
621,Maestro,www.ebay.com,LAN Cable,382.97,2019-05-18 14:38:20,Pune,India
622,MasterCard,www.ebay.com,TV,49.06,2019-05-18 21:06:22,Mumbai,India
623,MasterCard,www.snapdeal.com,Text Books,235.75,2019-05-18 04:50:20,Pune,India
624,MasterCard,www.flipkart.com,HDMI Cable,482.47,2019-05-18 14:29:59,London,United Kingdom
625,Maestro,www.snapdeal.com,Wrist Watch,401.33,2019-05-18 19:13:20,Mumbai,India
626,Maestro,www.ebay.com,LAN Cable,513.33,2019-05-18 23:04:34,Mumbai,India
627,MasterCard,www.snapdeal.com,Wrist Watch,281.56,2019-05-18 21:42:06,Chennai,India
628,Visa,www.snapdeal.com,TV Stand,72.65,2019-05-18 12:47:54,Jerusalem,Israel
629,Visa,www.snapdeal.com,HDMI Cable,273.51,2019-05-18 15:25:41,New Delhi,Inida
630,Maestro,www.snapdeal.com,TV,239.84,2019-05-18 15:20:08,New York City,United States
631,Maestro,www.flipkart.com,Desktop Computer,494.82,2019-05-18 14:45:05,Hyderabad,India
632,Visa,www.ebay.com,Pen Drive,311.12,2019-05-18 19:59:49,Pune,India
633,Maestro,www.ebay.com,Wrist Watch,333.34,2019-05-18 00:04:21,Jerusalem,Israel
634,Maestro,www.amazon.com,Wrist Watch,481.72,2019-05-18 05:18:34,Singapore,Singapore
635,MasterCard,www.amazon.com,Laptop,112.77,2019-05-18 05:20:48,Kolkata,India
636,MasterCard,www.ebay.com,Laptop,143.73,2019-05-18 18:31:02,Rome,Italy
637,Maestro,www.snapdeal.com,Mobile Phone,404.83,2019-05-18 09:01:52,Jerusalem,Israel
638,MasterCard,www.snapdeal.com,TV,463.81,2019-05-18 01:09:23,Bangalore,India
639,MasterCard,www.snapdeal.com,Pen Drive,47.94,2019-05-18 23:09:56,Paris,France
640,MasterCard,www.snapdeal.com,Mobile Phone,447.09,2019-05-18 21:16:32,Paris,France
641,Maestro,www.ebay.com,Laptop,184.18,2019-05-18 13:35:16,Mumbai,India
642,MasterCard,www.ebay.com,TV,70.44,2019-05-18 09:40:58,Bangkok,Thailand
643,MasterCard,www.snapdeal.com,LAN Cable,540.09,2019-05-18 06:25:06,Kolkata,India
644,MasterCard,www.amazon.com,LAN Cable,176.54,2019-05-18 17:00:21,Kolkata,India
645,MasterCard,www.flipkart.com,Pen Drive,465.03,2019-05-18 18:43:30,New Delhi,Inida
646,MasterCard,www.flipkart.com,Pen Drive,284.69,2019-05-18 16:28:36,New Delhi,Inida
647,Visa,www.snapdeal.com,Desktop Computer,323.45,2019-05-18 17:54:28,Chennai,India
648,Maestro,www.flipkart.com,HDMI Cable,431.32,2019-05-18 20:11:51,Mumbai,India
649,MasterCard,www.flipkart.com,Wrist Band,217.57,2019-05-18 15:36:01,Singapore,Singapore
650,MasterCard,www.snapdeal.com,HDMI Cable,366.00,2019-05-18 09:52:51,Kolkata,India
651,MasterCard,www.flipkart.com,HDMI Cable,250.13,2019-05-18 01:38:15,New Delhi,Inida
652,MasterCard,www.ebay.com,Text Books,308.16,2019-05-18 07:39:38,Hyderabad,India
653,Maestro,www.flipkart.com,Mobile Phone,389.09,2019-05-18 01:16:17,Chennai,India
654,Visa,www.snapdeal.com,Pen Drive,195.74,2019-05-18 15:26:18,Kolkata,India
655,MasterCard,www.ebay.com,External Hard Drive,407.97,2019-05-18 17:36:27,Bangkok,Thailand
656,Visa,www.amazon.com,Laptop,437.69,2019-05-18 21:10:20,Bangalore,India
657,Maestro,www.flipkart.com,Laptop,257.54,2019-05-18 06:49:14,Paris,France
658,MasterCard,www.snapdeal.com,Laptop,465.65,2019-05-18 23:48:04,Bangkok,Thailand
659,Maestro,www.amazon.com,Laptop,327.66,2019-05-18 21:46:09,New York City,United States
660,MasterCard,www.flipkart.com,LAN Cable,111.09,2019-05-18 05:27:37,New Delhi,Inida
661,Visa,www.flipkart.com,Wrist Band,293.35,2019-05-18 07:11:25,New Delhi,Inida
662,MasterCard,www.ebay.com,TV,267.84,2019-05-18 00:53:39,Paris,France
663,Maestro,www.amazon.com,LAN Cable,316.89,2019-05-18 23:00:05,Kolkata,India
664,Maestro,www.ebay.com,Desktop Computer,524.73,2019-05-18 00:45:00,Bangalore,India
665,MasterCard,www.amazon.com,TV,27.17,2019-05-18 13:23:56,Bangkok,Thailand
666,Maestro,www.ebay.com,Laptop,142.74,2019-05-18 04:54:02,Rome,Italy
667,MasterCard,www.amazon.com,Laptop,470.18,2019-05-18 09:38:11,Rome,Italy
668,Visa,www.flipkart.com,Text Books,38.90,2019-05-18 13:02:15,Bangalore,India
669,MasterCard,www.flipkart.com,External Hard Drive,433.07,2019-05-18 16:51:28,New York City,United States
670,MasterCard,www.flipkart.com,LAN Cable,14.24,2019-05-18 21:31:31,Rome,Italy
671,Maestro,www.amazon.com,Wrist Watch,99.39,2019-05-18 05:33:56,Rome,Italy
672,Visa,www.ebay.com,External Hard Drive,139.50,2019-05-18 09:20:32,Rome,Italy
673,Visa,www.snapdeal.com,TV Stand,323.05,2019-05-18 21:47:46,Hyderabad,India
674,MasterCard,www.amazon.com,Wrist Watch,459.11,2019-05-18 19:58:01,New Delhi,Inida
675,Maestro,www.snapdeal.com,Mobile Phone,188.10,2019-05-18 04:42:10,New Delhi,Inida
676,MasterCard,www.snapdeal.com,Wrist Band,467.13,2019-05-18 09:04:08,Jerusalem,Israel
677,Maestro,www.flipkart.com,LAN Cable,127.24,2019-05-18 06:33:44,Rome,Italy
678,Visa,www.amazon.com,External Hard Drive,83.63,2019-05-18 21:14:47,Rome,Italy
679,Visa,www.snapdeal.com,Wrist Watch,328.00,2019-05-18 04:33:30,Hyderabad,India
680,MasterCard,www.ebay.com,TV,385.30,2019-05-18 12:36:31,Jerusalem,Israel
681,MasterCard,www.flipkart.com,LAN Cable,382.46,2019-05-18 17:11:46,Bangalore,India
682,Visa,www.flipkart.com,TV Stand,506.36,2019-05-18 23:28:03,Pune,India
683,MasterCard,www.ebay.com,LAN Cable,20.48,2019-05-18 06:44:30,Hyderabad,India
684,Visa,www.snapdeal.com,Laptop,456.16,2019-05-18 15:21:58,New York City,United States
685,Maestro,www.ebay.com,Desktop Computer,544.85,2019-05-18 18:56:46,Hyderabad,India
686,Visa,www.ebay.com,Wrist Band,35.46,2019-05-18 08:51:25,Pune,India
687,Visa,www.flipkart.com,TV Stand,391.47,2019-05-18 09:06:56,Paris,France
688,MasterCard,www.amazon.com,Wrist Watch,511.51,2019-05-18 04:25:51,Jerusalem,Israel
689,Visa,www.ebay.com,Text Books,279.39,2019-05-18 09:29:24,Paris,France
690,Maestro,www.flipkart.com,External Hard Drive,367.72,2019-05-18 02:55:20,Hyderabad,India
691,Maestro,www.snapdeal.com,Mobile Phone,294.80,2019-05-18 22:58:45,Rome,Italy
692,Visa,www.flipkart.com,Desktop Computer,160.80,2019-05-18 18:51:32,Kolkata,India
693,MasterCard,www.flipkart.com,TV Stand,23.15,2019-05-18 17:08:00,Mumbai,India
694,Maestro,www.amazon.com,Mobile Phone,416.51,2019-05-18 09:58:14,Paris,France
695,MasterCard,www.flipkart.com,Mobile Phone,66.75,2019-05-18 05:18:29,Bangalore,India
696,MasterCard,www.ebay.com,Pen Drive,424.95,2019-05-18 21:09:09,Chennai,India
697,Maestro,www.ebay.com,Wrist Watch,265.65,2019-05-18 10:55:37,Singapore,Singapore
698,Visa,www.snapdeal.com,Text Books,503.87,2019-05-18 08:46:53,Singapore,Singapore
699,Visa,www.flipkart.com,HDMI Cable,290.98,2019-05-18 07:06:29,New Delhi,Inida
700,Maestro,www.ebay.com,TV Stand,142.80,2019-05-18 23:43:45,New York City,United States
701,Maestro,www.snapdeal.com,Desktop Computer,549.83,2019-05-18 22:24:37,Mumbai,India
702,Visa,www.amazon.com,Laptop,483.82,2019-05-18 01:18:55,Bangkok,Thailand
703,Visa,www.snapdeal.com,External Hard Drive,138.86,2019-05-18 02:32:11,Mumbai,India
704,Visa,www.amazon.com,External Hard Drive,464.45,2019-05-18 02:44:04,Mumbai,India
705,Visa,www.ebay.com,HDMI Cable,292.85,2019-05-18 16:14:24,London,United Kingdom
706,Maestro,www.snapdeal.com,Pen Drive,346.88,2019-05-18 18:08:35,Hyderabad,India
707,MasterCard,www.snapdeal.com,Wrist Band,381.05,2019-05-18 05:03:31,Hyderabad,India
708,Maestro,www.ebay.com,Desktop Computer,342.75,2019-05-18 18:24:00,London,United Kingdom
709,Maestro,www.snapdeal.com,Laptop,430.94,2019-05-18 11:49:30,Paris,France
710,MasterCard,www.ebay.com,Laptop,290.55,2019-05-18 14:01:16,London,United Kingdom
711,MasterCard,www.snapdeal.com,Mobile Phone,462.23,2019-05-18 11:21:58,Kolkata,India
712,Maestro,www.snapdeal.com,TV,147.78,2019-05-18 07:58:54,Mumbai,India
713,MasterCard,www.amazon.com,Wrist Band,116.28,2019-05-18 14:40:29,Jerusalem,Israel
714,Visa,www.amazon.com,External Hard Drive,472.47,2019-05-18 12:29:46,New Delhi,Inida
715,Visa,www.ebay.com,External Hard Drive,373.21,2019-05-18 03:39:01,Rome,Italy
716,MasterCard,www.amazon.com,External Hard Drive,372.17,2019-05-18 05:51:07,Hyderabad,India
717,Visa,www.flipkart.com,External Hard Drive,45.37,2019-05-18 23:16:23,Pune,India
718,Maestro,www.snapdeal.com,HDMI Cable,423.66,2019-05-18 20:51:41,London,United Kingdom
719,MasterCard,www.flipkart.com,Text Books,249.95,2019-05-18 16:13:56,Paris,France
720,Visa,www.amazon.com,Mobile Phone,520.24,2019-05-18 20:04:06,New York City,United States
721,Maestro,www.amazon.com,TV Stand,82.21,2019-05-18 04:13:30,Kolkata,India
722,MasterCard,www.flipkart.com,TV,141.34,2019-05-18 06:08:08,Bangalore,India
723,MasterCard,www.flipkart.com,Wrist Band,102.81,2019-05-18 02:53:04,Hyderabad,India
724,Visa,www.snapdeal.com,Mobile Phone,197.56,2019-05-18 00:19:46,New York City,United States
725,Maestro,www.ebay.com,Pen Drive,315.96,2019-05-18 04:04:30,Pune,India
726,Maestro,www.snapdeal.com,Wrist Watch,231.50,2019-05-18 01:23:32,Rome,Italy
727,MasterCard,www.amazon.com,TV,122.42,2019-05-18 22:18:40,Bangalore,India
728,Visa,www.flipkart.com,Wrist Watch,55.17,2019-05-18 12:07:50,Rome,Italy
729,MasterCard,www.snapdeal.com,LAN Cable,458.40,2019-05-18 10:52:55,Pune,India
730,Visa,www.flipkart.com,Wrist Band,211.57,2019-05-18 00:03:09,Chennai,India
731,Visa,www.amazon.com,Wrist Watch,336.25,2019-05-18 08:28:16,Singapore,Singapore
732,MasterCard,www.flipkart.com,External Hard Drive,450.72,2019-05-18 13:10:37,Bangkok,Thailand
733,MasterCard,www.amazon.com,Mobile Phone,519.20,2019-05-18 12:31:17,Hyderabad,India
734,MasterCard,www.flipkart.com,Wrist Band,35.95,2019-05-18 19:05:32,Paris,France
735,Visa,www.flipkart.com,Wrist Watch,515.78,2019-05-18 03:35:36,Chennai,India
736,MasterCard,www.ebay.com,LAN Cable,520.96,2019-05-18 03:44:14,Pune,India
737,MasterCard,www.ebay.com,Text Books,526.47,2019-05-18 04:25:03,New Delhi,Inida
738,Maestro,www.flipkart.com,LAN Cable,63.53,2019-05-18 14:19:39,Chennai,India
739,Maestro,www.snapdeal.com,Text Books,160.38,2019-05-18 12:03:30,New York City,United States
740,Maestro,www.snapdeal.com,TV,123.86,2019-05-18 17:04:55,London,United Kingdom
741,Maestro,www.amazon.com,Text Books,497.65,2019-05-18 09:01:08,Hyderabad,India
742,MasterCard,www.ebay.com,HDMI Cable,554.54,2019-05-18 12:32:30,Singapore,Singapore
743,Maestro,www.snapdeal.com,Text Books,338.84,2019-05-18 07:38:07,Paris,France
744,Visa,www.flipkart.com,Laptop,485.39,2019-05-18 20:16:17,Bangalore,India
745,Maestro,www.amazon.com,Text Books,251.09,2019-05-18 23:46:14,Bangkok,Thailand
746,MasterCard,www.snapdeal.com,LAN Cable,494.28,2019-05-18 13:26:24,New Delhi,Inida
747,MasterCard,www.flipkart.com,External Hard Drive,151.62,2019-05-18 10:22:39,Hyderabad,India
748,Maestro,www.snapdeal.com,TV Stand,332.20,2019-05-18 12:40:29,Chennai,India
749,MasterCard,www.ebay.com,LAN Cable,350.69,2019-05-18 22:24:54,Bangalore,India
750,MasterCard,www.amazon.com,Text Books,284.33,2019-05-18 01:36:10,Pune,India
751,Visa,www.ebay.com,External Hard Drive,264.36,2019-05-18 16:52:11,New Delhi,Inida
752,Maestro,www.ebay.com,Wrist Band,419.18,2019-05-18 10:06:49,Bangalore,India
753,Maestro,www.ebay.com,LAN Cable,328.83,2019-05-18 11:18:27,Bangkok,Thailand
754,MasterCard,www.snapdeal.com,Pen Drive,212.59,2019-05-18 12:50:05,London,United Kingdom
755,MasterCard,www.snapdeal.com,TV,188.27,2019-05-18 16:50:55,Singapore,Singapore
756,Maestro,www.snapdeal.com,Laptop,344.86,2019-05-18 20:33:40,Bangalore,India
757,Visa,www.amazon.com,Desktop Computer,136.87,2019-05-18 08:42:49,Pune,India
758,Maestro,www.flipkart.com,Wrist Band,71.59,2019-05-18 07:45:30,New Delhi,Inida
759,MasterCard,www.snapdeal.com,Laptop,318.96,2019-05-18 17:42:15,New Delhi,Inida
760,Visa,www.amazon.com,Text Books,46.67,2019-05-18 01:47:28,Hyderabad,India
761,Visa,www.snapdeal.com,External Hard Drive,304.42,2019-05-18 04:11:28,Pune,India
762,MasterCard,www.flipkart.com,Desktop Computer,57.58,2019-05-18 17:53:48,Singapore,Singapore
763,Maestro,www.flipkart.com,Wrist Watch,68.59,2019-05-18 13:08:20,Chennai,India
764,Visa,www.flipkart.com,Mobile Phone,195.29,2019-05-18 07:19:49,Singapore,Singapore
765,MasterCard,www.amazon.com,LAN Cable,431.00,2019-05-18 16:39:27,New Delhi,Inida
766,Maestro,www.flipkart.com,Mobile Phone,25.05,2019-05-18 16:44:52,London,United Kingdom
767,Visa,www.ebay.com,HDMI Cable,143.77,2019-05-18 14:15:18,New Delhi,Inida
768,Maestro,www.flipkart.com,Mobile Phone,85.28,2019-05-18 20:16:02,Pune,India
769,MasterCard,www.amazon.com,Wrist Band,175.04,2019-05-18 22:54:37,Jerusalem,Israel
770,Visa,www.amazon.com,Desktop Computer,514.91,2019-05-18 16:50:48,Bangkok,Thailand
771,Visa,www.snapdeal.com,External Hard Drive,530.14,2019-05-18 19:18:26,Singapore,Singapore
772,Visa,www.ebay.com,Mobile Phone,458.54,2019-05-18 20:09:18,Kolkata,India
773,MasterCard,www.amazon.com,Wrist Band,451.42,2019-05-18 06:35:15,Rome,Italy
774,MasterCard,www.snapdeal.com,LAN Cable,480.12,2019-05-18 16:09:37,Pune,India
775,MasterCard,www.ebay.com,Mobile Phone,27.25,2019-05-18 06:48:05,Singapore,Singapore
776,Maestro,www.flipkart.com,Text Books,378.74,2019-05-18 06:39:35,New York City,United States
777,MasterCard,www.snapdeal.com,LAN Cable,15.92,2019-05-18 08:37:21,London,United Kingdom
778,MasterCard,www.flipkart.com,TV,541.22,2019-05-18 14:45:07,Bangalore,India
779,MasterCard,www.snapdeal.com,LAN Cable,213.08,2019-05-18 13:49:30,Jerusalem,Israel
780,Maestro,www.ebay.com,Laptop,350.17,2019-05-18 02:23:33,Rome,Italy
781,Visa,www.ebay.com,LAN Cable,90.21,2019-05-18 10:39:40,Kolkata,India
782,Visa,www.ebay.com,External Hard Drive,69.57,2019-05-18 12:23:31,Mumbai,India
783,Maestro,www.snapdeal.com,Laptop,421.12,2019-05-18 12:49:02,New Delhi,Inida
784,MasterCard,www.ebay.com,Wrist Watch,319.11,2019-05-18 17:54:13,New York City,United States
785,Visa,www.snapdeal.com,Mobile Phone,92.27,2019-05-18 13:16:25,London,United Kingdom
786,Visa,www.amazon.com,Desktop Computer,249.11,2019-05-18 06:07:15,Bangalore,India
787,Maestro,www.ebay.com,TV,279.15,2019-05-18 11:51:10,Hyderabad,India
788,MasterCard,www.amazon.com,Desktop Computer,311.03,2019-05-18 07:41:07,Chennai,India
789,Maestro,www.snapdeal.com,TV,81.78,2019-05-18 01:54:52,Chennai,India
790,MasterCard,www.snapdeal.com,Mobile Phone,474.53,2019-05-18 10:12:21,New Delhi,Inida
791,Maestro,www.flipkart.com,Wrist Watch,79.93,2019-05-18 14:21:05,London,United Kingdom
792,Maestro,www.snapdeal.com,Pen Drive,289.42,2019-05-18 04:47:37,Hyderabad,India
793,Maestro,www.ebay.com,Laptop,530.80,2019-05-18 01:24:23,Pune,India
794,MasterCard,www.amazon.com,Wrist Band,192.08,2019-05-18 12:54:09,New Delhi,Inida
795,Visa,www.flipkart.com,Wrist Watch,320.80,2019-05-18 19:27:26,Chennai,India
796,Maestro,www.amazon.com,Text Books,204.16,2019-05-18 23:32:28,Bangalore,India
797,MasterCard,www.ebay.com,TV,124.26,2019-05-18 03:54:39,London,United Kingdom
798,Visa,www.flipkart.com,Mobile Phone,335.87,2019-05-18 02:28:17,Jerusalem,Israel
799,Visa,www.snapdeal.com,Laptop,284.55,2019-05-18 13:10:55,New York City,United States
800,MasterCard,www.flipkart.com,Desktop Computer,542.21,2019-05-18 16:17:38,Chennai,India
801,Maestro,www.amazon.com,Mobile Phone,440.52,2019-05-18 14:24:57,Rome,Italy
802,Maestro,www.ebay.com,External Hard Drive,445.39,2019-05-18 17:02:01,Bangalore,India
803,Visa,www.snapdeal.com,Wrist Band,39.94,2019-05-18 19:50:23,Paris,France
804,Visa,www.amazon.com,Desktop Computer,27.92,2019-05-18 10:55:16,Rome,Italy
805,Maestro,www.amazon.com,TV,342.20,2019-05-18 08:35:33,Rome,Italy
806,Maestro,www.flipkart.com,LAN Cable,287.73,2019-05-18 08:38:28,Singapore,Singapore
807,MasterCard,www.ebay.com,Mobile Phone,223.81,2019-05-18 02:57:08,Kolkata,India
808,MasterCard,www.snapdeal.com,Wrist Watch,50.06,2019-05-18 09:59:30,Paris,France
809,MasterCard,www.ebay.com,Mobile Phone,388.03,2019-05-18 07:25:29,New York City,United States
810,Maestro,www.snapdeal.com,HDMI Cable,220.99,2019-05-18 00:37:26,Mumbai,India
811,MasterCard,www.ebay.com,TV Stand,145.31,2019-05-18 20:41:32,Mumbai,India
812,Visa,www.ebay.com,TV,20.83,2019-05-18 04:55:00,Paris,France
813,MasterCard,www.amazon.com,Wrist Watch,344.31,2019-05-18 06:14:42,Paris,France
814,Visa,www.ebay.com,HDMI Cable,99.71,2019-05-18 01:59:18,Chennai,India
815,MasterCard,www.snapdeal.com,Wrist Watch,151.03,2019-05-18 00:49:05,London,United Kingdom
816,Visa,www.snapdeal.com,Desktop Computer,420.80,2019-05-18 20:12:46,Pune,India
817,Visa,www.snapdeal.com,Desktop Computer,196.55,2019-05-18 18:15:33,New Delhi,Inida
818,Visa,www.snapdeal.com,Laptop,50.37,2019-05-18 08:12:42,New York City,United States
819,Maestro,www.snapdeal.com,Mobile Phone,275.77,2019-05-18 11:36:24,Jerusalem,Israel
820,Maestro,www.flipkart.com,Desktop Computer,401.51,2019-05-18 11:02:01,Rome,Italy
821,Maestro,www.snapdeal.com,Laptop,132.08,2019-05-18 12:36:18,Hyderabad,India
822,Visa,www.amazon.com,Desktop Computer,421.28,2019-05-18 08:45:59,Singapore,Singapore
823,Visa,www.snapdeal.com,Text Books,460.99,2019-05-18 14:55:22,Mumbai,India
824,Visa,www.ebay.com,Mobile Phone,81.39,2019-05-18 22:14:06,Kolkata,India
825,MasterCard,www.flipkart.com,Wrist Band,340.78,2019-05-18 20:50:58,Chennai,India
826,Maestro,www.snapdeal.com,Wrist Band,357.12,2019-05-18 22:07:41,Hyderabad,India
827,MasterCard,www.amazon.com,External Hard Drive,94.43,2019-05-18 09:49:55,Singapore,Singapore
828,Maestro,www.snapdeal.com,Text Books,87.99,2019-05-18 09:27:22,Pune,India
829,MasterCard,www.flipkart.com,LAN Cable,93.10,2019-05-18 03:38:20,Singapore,Singapore
830,Visa,www.snapdeal.com,Laptop,90.43,2019-05-18 11:53:38,Singapore,Singapore
831,MasterCard,www.flipkart.com,LAN Cable,31.47,2019-05-18 07:24:08,London,United Kingdom
832,Visa,www.flipkart.com,Mobile Phone,273.39,2019-05-18 00:09:42,Kolkata,India
833,MasterCard,www.amazon.com,Mobile Phone,376.54,2019-05-18 19:46:22,Paris,France
834,Maestro,www.flipkart.com,TV,288.21,2019-05-18 21:20:55,Mumbai,India
835,MasterCard,www.snapdeal.com,Wrist Watch,184.51,2019-05-18 18:26:52,London,United Kingdom
836,Maestro,www.snapdeal.com,TV Stand,497.42,2019-05-18 23:42:36,Bangkok,Thailand
837,Maestro,www.flipkart.com,Pen Drive,471.75,2019-05-18 15:59:40,London,United Kingdom
838,Maestro,www.ebay.com,TV Stand,201.93,2019-05-18 09:44:05,Bangkok,Thailand
839,MasterCard,www.flipkart.com,Pen Drive,127.54,2019-05-18 06:23:17,New York City,United States
840,Visa,www.snapdeal.com,LAN Cable,129.52,2019-05-18 12:39:51,Rome,Italy
841,Maestro,www.snapdeal.com,TV Stand,179.03,2019-05-18 09:17:05,Kolkata,India
842,Visa,www.ebay.com,TV Stand,440.96,2019-05-18 12:13:03,Jerusalem,Israel
843,MasterCard,www.ebay.com,Text Books,431.75,2019-05-18 23:51:54,Kolkata,India
844,Visa,www.ebay.com,Wrist Band,342.80,2019-05-18 23:13:26,Rome,Italy
845,Visa,www.snapdeal.com,Wrist Band,14.35,2019-05-18 00:10:39,Mumbai,India
846,Maestro,www.ebay.com,External Hard Drive,495.44,2019-05-18 21:46:29,Paris,France
847,Maestro,www.amazon.com,HDMI Cable,358.26,2019-05-18 12:50:08,Hyderabad,India
848,MasterCard,www.flipkart.com,Pen Drive,171.58,2019-05-18 14:58:52,New York City,United States
849,Visa,www.snapdeal.com,Wrist Watch,158.02,2019-05-18 03:42:47,Pune,India
850,MasterCard,www.snapdeal.com,LAN Cable,544.94,2019-05-18 13:58:27,Bangalore,India
851,MasterCard,www.ebay.com,External Hard Drive,14.58,2019-05-18 11:01:37,Kolkata,India
852,Maestro,www.snapdeal.com,HDMI Cable,524.40,2019-05-18 23:36:00,Hyderabad,India
853,MasterCard,www.snapdeal.com,Wrist Watch,226.39,2019-05-18 05:47:04,Singapore,Singapore
854,MasterCard,www.flipkart.com,External Hard Drive,433.17,2019-05-18 21:33:51,Bangkok,Thailand
855,Visa,www.snapdeal.com,TV Stand,44.79,2019-05-18 02:53:21,New Delhi,Inida
856,Maestro,www.flipkart.com,TV Stand,37.33,2019-05-18 19:35:17,Kolkata,India
857,Maestro,www.snapdeal.com,Mobile Phone,141.97,2019-05-18 07:05:26,Kolkata,India
858,MasterCard,www.amazon.com,LAN Cable,63.79,2019-05-18 16:24:18,Pune,India
859,Maestro,www.amazon.com,HDMI Cable,89.40,2019-05-18 14:29:28,Chennai,India
860,Maestro,www.amazon.com,Mobile Phone,105.40,2019-05-18 01:39:25,Paris,France
861,Maestro,www.flipkart.com,Mobile Phone,400.91,2019-05-18 09:52:37,Paris,France
862,Maestro,www.snapdeal.com,Laptop,89.48,2019-05-18 01:02:43,London,United Kingdom
863,MasterCard,www.ebay.com,External Hard Drive,417.09,2019-05-18 05:20:09,Singapore,Singapore
864,Visa,www.amazon.com,TV Stand,231.73,2019-05-18 00:02:28,Bangkok,Thailand
865,MasterCard,www.flipkart.com,TV,302.06,2019-05-18 10:24:01,New York City,United States
866,Visa,www.flipkart.com,TV Stand,10.20,2019-05-18 03:58:49,Bangalore,India
867,Maestro,www.amazon.com,HDMI Cable,195.03,2019-05-18 15:00:12,Rome,Italy
868,MasterCard,www.amazon.com,Wrist Watch,9.76,2019-05-18 13:41:01,Paris,France
869,MasterCard,www.flipkart.com,TV Stand,464.36,2019-05-18 22:55:30,Chennai,India
870,Visa,www.ebay.com,Mobile Phone,411.40,2019-05-18 11:13:10,New Delhi,Inida
871,MasterCard,www.snapdeal.com,Wrist Watch,38.67,2019-05-18 08:56:23,Kolkata,India
872,Maestro,www.ebay.com,HDMI Cable,520.13,2019-05-18 15:12:59,Bangalore,India
873,Visa,www.snapdeal.com,External Hard Drive,476.84,2019-05-18 05:52:39,Bangkok,Thailand
874,Visa,www.amazon.com,Desktop Computer,203.92,2019-05-18 02:39:57,Paris,France
875,MasterCard,www.amazon.com,HDMI Cable,337.73,2019-05-18 14:52:21,Hyderabad,India
876,Visa,www.snapdeal.com,Desktop Computer,107.68,2019-05-18 22:39:11,Pune,India
877,MasterCard,www.flipkart.com,Mobile Phone,66.80,2019-05-18 21:51:05,Bangalore,India
878,Visa,www.snapdeal.com,Text Books,358.11,2019-05-18 08:30:03,Mumbai,India
879,Maestro,www.ebay.com,Wrist Band,43.52,2019-05-18 22:27:42,Paris,France
880,MasterCard,www.amazon.com,Pen Drive,173.39,2019-05-18 14:52:53,Bangkok,Thailand
881,MasterCard,www.amazon.com,TV Stand,355.55,2019-05-18 05:50:29,Bangalore,India
882,MasterCard,www.snapdeal.com,HDMI Cable,463.49,2019-05-18 02:36:19,Jerusalem,Israel
883,MasterCard,www.ebay.com,Pen Drive,322.79,2019-05-18 16:47:53,Mumbai,India
884,MasterCard,www.amazon.com,Pen Drive,300.81,2019-05-18 10:17:53,Bangkok,Thailand
885,MasterCard,www.snapdeal.com,Laptop,205.41,2019-05-18 06:05:30,Pune,India
886,Maestro,www.amazon.com,Mobile Phone,215.96,2019-05-18 03:33:48,Paris,France
887,Visa,www.flipkart.com,HDMI Cable,189.11,2019-05-18 23:32:33,Mumbai,India
888,Visa,www.snapdeal.com,Wrist Watch,279.35,2019-05-18 04:00:05,Hyderabad,India
889,Visa,www.flipkart.com,TV Stand,195.76,2019-05-18 12:42:25,Kolkata,India
890,Maestro,www.amazon.com,Desktop Computer,478.13,2019-05-18 21:59:45,Bangalore,India
891,Maestro,www.amazon.com,Wrist Watch,532.66,2019-05-18 11:55:27,Bangalore,India
892,Maestro,www.ebay.com,HDMI Cable,502.61,2019-05-18 12:57:03,Chennai,India
893,Visa,www.amazon.com,External Hard Drive,131.20,2019-05-18 10:03:08,Rome,Italy
894,MasterCard,www.ebay.com,Text Books,203.24,2019-05-18 04:32:32,Bangalore,India
895,Visa,www.snapdeal.com,Pen Drive,177.28,2019-05-18 17:18:08,Bangkok,Thailand
896,Visa,www.amazon.com,LAN Cable,338.53,2019-05-18 07:33:59,Rome,Italy
897,Visa,www.amazon.com,Pen Drive,382.93,2019-05-18 21:22:07,Pune,India
898,Maestro,www.ebay.com,External Hard Drive,19.12,2019-05-18 01:51:19,Rome,Italy
899,Visa,www.snapdeal.com,Mobile Phone,547.88,2019-05-18 21:08:47,Singapore,Singapore
900,MasterCard,www.ebay.com,Pen Drive,91.18,2019-05-18 04:20:34,New York City,United States
901,Maestro,www.ebay.com,Desktop Computer,294.35,2019-05-18 22:35:54,Kolkata,India
902,MasterCard,www.snapdeal.com,Desktop Computer,69.42,2019-05-18 09:47:53,Bangalore,India
903,MasterCard,www.flipkart.com,Laptop,539.12,2019-05-18 12:29:25,Chennai,India
904,Maestro,www.amazon.com,Laptop,518.09,2019-05-18 16:19:12,Singapore,Singapore
905,Maestro,www.flipkart.com,Laptop,319.23,2019-05-18 11:27:08,Chennai,India
906,MasterCard,www.amazon.com,Laptop,70.93,2019-05-18 22:32:26,Mumbai,India
907,Visa,www.ebay.com,Text Books,338.75,2019-05-18 21:22:35,Paris,France
908,Visa,www.flipkart.com,Wrist Band,432.00,2019-05-18 16:17:48,New York City,United States
909,Visa,www.flipkart.com,LAN Cable,138.79,2019-05-18 04:57:37,Rome,Italy
910,Maestro,www.snapdeal.com,External Hard Drive,241.63,2019-05-18 01:51:53,London,United Kingdom
911,MasterCard,www.flipkart.com,TV Stand,208.69,2019-05-18 00:44:11,Mumbai,India
912,MasterCard,www.flipkart.com,HDMI Cable,308.93,2019-05-18 03:09:15,Pune,India
913,Visa,www.snapdeal.com,Text Books,231.51,2019-05-18 08:45:41,Chennai,India
914,Maestro,www.snapdeal.com,External Hard Drive,362.52,2019-05-18 22:13:02,Pune,India
915,Maestro,www.snapdeal.com,Laptop,204.21,2019-05-18 01:27:16,Pune,India
916,Maestro,www.flipkart.com,Pen Drive,457.81,2019-05-18 11:11:09,Bangkok,Thailand
917,MasterCard,www.amazon.com,Desktop Computer,550.86,2019-05-18 19:03:40,Paris,France
918,MasterCard,www.flipkart.com,Pen Drive,487.59,2019-05-18 23:57:15,Kolkata,India
919,MasterCard,www.snapdeal.com,TV,310.49,2019-05-18 06:45:01,Chennai,India
920,MasterCard,www.ebay.com,LAN Cable,525.78,2019-05-18 04:03:07,New Delhi,Inida
921,MasterCard,www.flipkart.com,Wrist Watch,226.54,2019-05-18 10:19:52,London,United Kingdom
922,Maestro,www.snapdeal.com,TV Stand,307.60,2019-05-18 09:47:26,Rome,Italy
923,Maestro,www.ebay.com,Mobile Phone,483.77,2019-05-18 15:30:23,Hyderabad,India
924,Maestro,www.flipkart.com,Laptop,343.43,2019-05-18 10:46:43,Jerusalem,Israel
925,Visa,www.flipkart.com,Mobile Phone,266.69,2019-05-18 14:28:45,Singapore,Singapore
926,MasterCard,www.snapdeal.com,HDMI Cable,182.85,2019-05-18 15:47:17,Rome,Italy
927,MasterCard,www.snapdeal.com,External Hard Drive,442.15,2019-05-18 06:19:50,Hyderabad,India
928,MasterCard,www.ebay.com,TV Stand,218.89,2019-05-18 05:57:25,Kolkata,India
929,Visa,www.ebay.com,Laptop,532.65,2019-05-18 17:19:23,Paris,France
930,Visa,www.amazon.com,Wrist Band,23.90,2019-05-18 09:36:13,Jerusalem,Israel
931,MasterCard,www.amazon.com,LAN Cable,265.65,2019-05-18 21:42:27,Hyderabad,India
932,MasterCard,www.snapdeal.com,TV,407.93,2019-05-18 05:29:40,New York City,United States
933,Visa,www.ebay.com,Text Books,123.83,2019-05-18 11:46:55,London,United Kingdom
934,Visa,www.snapdeal.com,Text Books,531.93,2019-05-18 11:01:54,Rome,Italy
935,Maestro,www.amazon.com,Laptop,23.82,2019-05-18 03:14:16,Bangalore,India
936,Visa,www.amazon.com,Pen Drive,347.44,2019-05-18 18:36:15,Hyderabad,India
937,Visa,www.ebay.com,Pen Drive,368.08,2019-05-18 23:39:05,Pune,India
938,MasterCard,www.flipkart.com,TV,338.89,2019-05-18 17:46:33,Jerusalem,Israel
939,MasterCard,www.flipkart.com,LAN Cable,133.77,2019-05-18 05:24:34,Paris,France
940,Visa,www.ebay.com,TV Stand,284.67,2019-05-18 14:43:53,Bangalore,India
941,Maestro,www.flipkart.com,Laptop,184.51,2019-05-18 07:21:23,London,United Kingdom
942,MasterCard,www.flipkart.com,Text Books,549.14,2019-05-18 13:56:39,Pune,India
943,Maestro,www.snapdeal.com,Mobile Phone,87.78,2019-05-18 12:52:49,Bangalore,India
944,Visa,www.snapdeal.com,Wrist Band,13.84,2019-05-18 15:04:59,New York City,United States
945,MasterCard,www.ebay.com,TV,552.91,2019-05-18 04:46:15,Paris,France
946,Maestro,www.flipkart.com,TV Stand,214.23,2019-05-18 19:50:03,Kolkata,India
947,Maestro,www.amazon.com,Laptop,296.71,2019-05-18 06:25:28,New Delhi,Inida
948,MasterCard,www.amazon.com,Laptop,498.68,2019-05-18 21:35:17,Kolkata,India
949,Visa,www.ebay.com,External Hard Drive,454.95,2019-05-18 02:00:29,Hyderabad,India
950,MasterCard,www.snapdeal.com,Wrist Band,339.36,2019-05-18 09:10:37,Pune,India
951,Maestro,www.flipkart.com,TV Stand,129.13,2019-05-18 20:35:37,Jerusalem,Israel
952,Maestro,www.snapdeal.com,HDMI Cable,482.60,2019-05-18 12:25:38,Bangalore,India
953,Visa,www.ebay.com,LAN Cable,126.63,2019-05-18 07:59:42,Hyderabad,India
954,MasterCard,www.snapdeal.com,Wrist Band,257.13,2019-05-18 08:24:07,Bangkok,Thailand
955,Maestro,www.snapdeal.com,TV,451.06,2019-05-18 16:55:12,Rome,Italy
956,MasterCard,www.snapdeal.com,Wrist Band,87.25,2019-05-18 03:48:23,Bangalore,India
957,Visa,www.snapdeal.com,HDMI Cable,161.63,2019-05-18 20:00:07,Singapore,Singapore
958,Visa,www.ebay.com,Desktop Computer,249.38,2019-05-18 17:42:57,Jerusalem,Israel
959,Maestro,www.ebay.com,External Hard Drive,537.86,2019-05-18 06:33:46,New York City,United States
960,MasterCard,www.snapdeal.com,LAN Cable,511.30,2019-05-18 09:53:10,Mumbai,India
961,MasterCard,www.flipkart.com,TV,520.15,2019-05-18 06:33:56,Bangkok,Thailand
962,MasterCard,www.amazon.com,TV Stand,189.96,2019-05-18 20:35:48,Kolkata,India
963,Visa,www.amazon.com,Desktop Computer,70.90,2019-05-18 22:29:09,Bangalore,India
964,Visa,www.flipkart.com,Text Books,337.23,2019-05-18 00:53:05,Paris,France
965,Maestro,www.flipkart.com,Pen Drive,225.48,2019-05-18 06:41:07,New York City,United States
966,Maestro,www.amazon.com,Pen Drive,157.06,2019-05-18 05:43:21,Bangkok,Thailand
967,MasterCard,www.ebay.com,Laptop,145.77,2019-05-18 21:49:16,Kolkata,India
968,Visa,www.snapdeal.com,Mobile Phone,525.53,2019-05-18 17:07:56,Hyderabad,India
969,Visa,www.snapdeal.com,Text Books,167.31,2019-05-18 16:29:15,Singapore,Singapore
970,MasterCard,www.snapdeal.com,Mobile Phone,326.91,2019-05-18 04:20:19,New York City,United States
971,Maestro,www.flipkart.com,Pen Drive,127.39,2019-05-18 03:16:33,Mumbai,India
972,MasterCard,www.ebay.com,HDMI Cable,335.40,2019-05-18 05:08:09,New Delhi,Inida
973,Visa,www.ebay.com,External Hard Drive,61.37,2019-05-18 22:33:20,Rome,Italy
974,MasterCard,www.ebay.com,TV,443.70,2019-05-18 13:07:39,Bangalore,India
975,Visa,www.ebay.com,External Hard Drive,218.03,2019-05-18 13:19:39,Kolkata,India
976,Visa,www.amazon.com,Pen Drive,550.35,2019-05-18 15:04:13,New York City,United States
977,Visa,www.flipkart.com,TV,253.04,2019-05-18 08:50:52,Hyderabad,India
978,Visa,www.snapdeal.com,TV,365.46,2019-05-18 05:54:05,New York City,United States
979,MasterCard,www.snapdeal.com,Desktop Computer,538.30,2019-05-18 14:29:07,Rome,Italy
980,Maestro,www.snapdeal.com,LAN Cable,231.39,2019-05-18 22:54:34,New Delhi,Inida
981,Visa,www.ebay.com,Mobile Phone,524.75,2019-05-18 21:02:34,Rome,Italy
982,MasterCard,www.snapdeal.com,Text Books,25.98,2019-05-18 23:39:02,Chennai,India
983,MasterCard,www.ebay.com,Pen Drive,478.16,2019-05-18 13:18:43,Paris,France
984,Visa,www.ebay.com,Mobile Phone,417.90,2019-05-18 22:16:56,Rome,Italy
985,MasterCard,www.snapdeal.com,LAN Cable,299.31,2019-05-18 12:58:48,Mumbai,India
986,Visa,www.snapdeal.com,Mobile Phone,55.61,2019-05-18 16:56:22,Chennai,India
987,Visa,www.flipkart.com,TV,438.79,2019-05-18 23:56:57,Pune,India
988,Maestro,www.snapdeal.com,Laptop,285.37,2019-05-18 14:29:37,London,United Kingdom
989,Visa,www.snapdeal.com,TV Stand,292.60,2019-05-18 11:49:11,Bangkok,Thailand
990,Maestro,www.amazon.com,LAN Cable,277.73,2019-05-18 23:59:41,Bangalore,India
991,MasterCard,www.flipkart.com,Wrist Band,479.61,2019-05-18 19:54:42,Pune,India
992,Visa,www.snapdeal.com,TV Stand,372.26,2019-05-18 05:59:39,Paris,France
993,Visa,www.snapdeal.com,Desktop Computer,304.78,2019-05-18 03:24:36,Jerusalem,Israel
994,MasterCard,www.amazon.com,External Hard Drive,352.78,2019-05-18 13:05:19,London,United Kingdom
995,Maestro,www.ebay.com,Laptop,20.52,2019-05-18 21:51:18,Rome,Italy
996,Visa,www.flipkart.com,LAN Cable,150.03,2019-05-18 20:04:54,New Delhi,Inida
997,Maestro,www.snapdeal.com,Text Books,205.99,2019-05-18 16:03:52,Jerusalem,Israel
998,Visa,www.ebay.com,Pen Drive,481.14,2019-05-18 12:54:12,Bangkok,Thailand
999,Maestro,www.ebay.com,LAN Cable,227.13,2019-05-18 19:22:37,Kolkata,India
1000,Maestro,www.snapdeal.com,Wrist Watch,338.84,2019-05-18 13:49:07,Chennai,India
