transaction_id,transaction_card_type,transaction_ecommerce_website_name,transaction_product_name,transaction_amount,transaction_datetime,transaction_city_name,transaction_country_name
2001,MasterCard,www.ebay.com,Wrist Band,463.39,2019-05-20 16:41:01,Bangalore,India
2002,Maestro,www.amazon.com,TV,535.01,2019-05-20 17:23:07,Singapore,Singapore
2003,Visa,www.ebay.com,Desktop Computer,308.03,2019-05-20 11:14:01,Rome,Italy
2004,Visa,www.ebay.com,HDMI Cable,18.26,2019-05-20 21:12:45,Rome,Italy
2005,Maestro,www.flipkart.com,TV,107.52,2019-05-20 00:52:27,Paris,France
2006,Visa,www.amazon.com,LAN Cable,168.07,2019-05-20 07:22:31,Pune,India
2007,MasterCard,www.flipkart.com,Pen Drive,388.57,2019-05-20 15:55:10,Hyderabad,India
2008,Visa,www.snapdeal.com,TV Stand,33.77,2019-05-20 15:50:39,Bangalore,India
2009,Visa,www.flipkart.com,Pen Drive,337.77,2019-05-20 05:29:02,Hyderabad,India
2010,MasterCard,www.flipkart.com,HDMI Cable,52.29,2019-05-20 16:20:13,Chennai,India
2011,MasterCard,www.amazon.com,TV Stand,474.29,2019-05-20 06:17:51,Jerusalem,Israel
2012,MasterCard,www.snapdeal.com,Mobile Phone,234.03,2019-05-20 00:24:28,Hyderabad,India
2013,Visa,www.flipkart.com,Desktop Computer,422.98,2019-05-20 11:11:46,New York City,United States
2014,Maestro,www.snapdeal.com,Laptop,93.36,2019-05-20 09:20:21,Chennai,India
2015,Visa,www.flipkart.com,Wrist Band,85.65,2019-05-20 04:39:27,Bangalore,India
2016,MasterCard,www.amazon.com,TV,351.66,2019-05-20 00:44:14,Kolkata,India
2017,Visa,www.snapdeal.com,Wrist Watch,191.60,2019-05-20 10:26:20,Pune,India
2018,MasterCard,www.ebay.com,Laptop,375.96,2019-05-20 04:28:56,Jerusalem,Israel
2019,Visa,www.flipkart.com,LAN Cable,92.14,2019-05-20 17:21:22,Bangkok,Thailand
2020,Visa,www.snapdeal.com,Mobile Phone,365.59,2019-05-20 06:57:53,Hyderabad,India
2021,Maestro,www.flipkart.com,Desktop Computer,145.19,2019-05-20 12:22:57,Paris,France
2022,Maestro,www.amazon.com,Laptop,175.49,2019-05-20 12:34:03,Chennai,India
2023,Maestro,www.snapdeal.com,Wrist Watch,332.01,2019-05-20 11:01:31,Bangkok,Thailand
2024,Visa,www.ebay.com,Wrist Band,199.28,2019-05-20 11:01:40,Chennai,India
2025,Visa,www.amazon.com,TV,154.17,2019-05-20 10:42:17,Singapore,Singapore
2026,Visa,www.amazon.com,Wrist Watch,414.87,2019-05-20 12:42:06,Bangalore,India
2027,MasterCard,www.amazon.com,Pen Drive,168.03,2019-05-20 00:45:18,Paris,France
2028,MasterCard,www.snapdeal.com,Mobile Phone,435.84,2019-05-20 04:53:47,Rome,Italy
2029,MasterCard,www.ebay.com,Text Books,156.39,2019-05-20 00:18:35,Jerusalem,Israel
2030,Visa,www.ebay.com,Wrist Watch,219.59,2019-05-20 01:01:19,Singapore,Singapore
2031,Maestro,www.snapdeal.com,LAN Cable,409.51,2019-05-20 05:15:49,Singapore,Singapore
2032,MasterCard,www.ebay.com,Pen Drive,236.75,2019-05-20 14:33:49,Rome,Italy
2033,MasterCard,www.flipkart.com,External Hard Drive,56.17,2019-05-20 05:21:23,Mumbai,India
2034,MasterCard,www.flipkart.com,Desktop Computer,478.12,2019-05-20 20:25:03,London,United Kingdom
2035,MasterCard,www.flipkart.com,HDMI Cable,539.39,2019-05-20 02:49:56,Bangkok,Thailand
2036,Visa,www.snapdeal.com,External Hard Drive,79.47,2019-05-20 04:34:10,Chennai,India
2037,Visa,www.amazon.com,External Hard Drive,24.65,2019-05-20 17:00:48,Bangkok,Thailand
2038,MasterCard,www.amazon.com,HDMI Cable,532.73,2019-05-20 06:31:45,Paris,France
2039,MasterCard,www.snapdeal.com,TV,125.74,2019-05-20 05:46:47,New Delhi,Inida
2040,MasterCard,www.snapdeal.com,Desktop Computer,127.33,2019-05-20 18:45:58,New York City,United States
2041,MasterCard,www.amazon.com,Desktop Computer,50.62,2019-05-20 11:48:01,Bangkok,Thailand
2042,Visa,www.ebay.com,Wrist Band,24.32,2019-05-20 12:59:56,Bangalore,India
2043,MasterCard,www.snapdeal.com,HDMI Cable,515.40,2019-05-20 00:52:05,Jerusalem,Israel
2044,MasterCard,www.ebay.com,Mobile Phone,538.02,2019-05-20 21:25:28,Paris,France
2045,Maestro,www.snapdeal.com,Pen Drive,403.15,2019-05-20 20:28:37,Kolkata,India
2046,MasterCard,www.flipkart.com,Wrist Band,444.01,2019-05-20 00:54:37,Singapore,Singapore
2047,Visa,www.amazon.com,HDMI Cable,381.53,2019-05-20 01:40:52,London,United Kingdom
2048,Maestro,www.flipkart.com,LAN Cable,186.19,2019-05-20 05:30:33,Paris,France
2049,Maestro,www.amazon.com,Wrist Band,488.01,2019-05-20 16:49:53,Chennai,India
2050,Maestro,www.flipkart.com,Pen Drive,188.36,2019-05-20 04:56:32,Bangalore,India
2051,Maestro,www.flipkart.com,Laptop,162.29,2019-05-20 20:21:17,Mumbai,India
2052,Visa,www.flipkart.com,Mobile Phone,337.26,2019-05-20 07:18:36,New Delhi,Inida
2053,Maestro,www.snapdeal.com,Pen Drive,64.13,2019-05-20 12:21:33,Hyderabad,India
2054,MasterCard,www.flipkart.com,LAN Cable,160.79,2019-05-20 22:28:14,Rome,Italy
2055,MasterCard,www.amazon.com,Desktop Computer,112.07,2019-05-20 01:44:11,New Delhi,Inida
2056,MasterCard,www.amazon.com,HDMI Cable,40.96,2019-05-20 12:05:55,Bangkok,Thailand
2057,Visa,www.snapdeal.com,Text Books,176.89,2019-05-20 09:58:23,Rome,Italy
2058,Visa,www.amazon.com,Wrist Watch,73.56,2019-05-20 21:18:00,Mumbai,India
2059,MasterCard,www.ebay.com,Mobile Phone,423.47,2019-05-20 01:06:26,Paris,France
2060,Visa,www.snapdeal.com,Text Books,98.44,2019-05-20 01:02:52,Singapore,Singapore
2061,Visa,www.flipkart.com,TV,66.07,2019-05-20 03:51:58,London,United Kingdom
2062,Maestro,www.ebay.com,TV,229.90,2019-05-20 18:30:42,Jerusalem,Israel
2063,Maestro,www.flipkart.com,Wrist Watch,291.09,2019-05-20 01:06:44,London,United Kingdom
2064,MasterCard,www.snapdeal.com,External Hard Drive,183.62,2019-05-20 04:20:33,New Delhi,Inida
2065,Visa,www.snapdeal.com,Desktop Computer,49.68,2019-05-20 08:21:51,Mumbai,India
2066,MasterCard,www.snapdeal.com,Pen Drive,153.92,2019-05-20 04:57:20,New Delhi,Inida
2067,Visa,www.snapdeal.com,Desktop Computer,455.15,2019-05-20 12:48:57,Hyderabad,India
2068,Maestro,www.snapdeal.com,HDMI Cable,313.41,2019-05-20 19:42:13,Rome,Italy
2069,MasterCard,www.flipkart.com,TV Stand,355.91,2019-05-20 18:53:19,Pune,India
2070,Maestro,www.ebay.com,Mobile Phone,394.28,2019-05-20 21:36:35,New Delhi,Inida
2071,Maestro,www.amazon.com,Desktop Computer,480.60,2019-05-20 01:48:26,Chennai,India
2072,MasterCard,www.ebay.com,Wrist Band,369.39,2019-05-20 11:49:39,London,United Kingdom
2073,Maestro,www.flipkart.com,Pen Drive,308.11,2019-05-20 00:22:55,Paris,France
2074,MasterCard,www.flipkart.com,Mobile Phone,311.19,2019-05-20 22:22:50,Rome,Italy
2075,MasterCard,www.ebay.com,TV Stand,258.71,2019-05-20 23:30:29,Paris,France
2076,MasterCard,www.snapdeal.com,External Hard Drive,213.15,2019-05-20 03:31:05,New York City,United States
2077,MasterCard,www.snapdeal.com,TV Stand,419.56,2019-05-20 07:21:33,Paris,France
2078,Maestro,www.flipkart.com,Mobile Phone,491.17,2019-05-20 12:08:51,Jerusalem,Israel
2079,Maestro,www.ebay.com,Wrist Band,493.58,2019-05-20 23:34:33,London,United Kingdom
2080,Visa,www.amazon.com,Text Books,505.52,2019-05-20 00:42:59,Paris,France
2081,MasterCard,www.flipkart.com,Desktop Computer,40.22,2019-05-20 21:49:31,New York City,United States
2082,MasterCard,www.amazon.com,Wrist Watch,234.06,2019-05-20 07:41:18,Paris,France
2083,Visa,www.snapdeal.com,Wrist Band,85.88,2019-05-20 05:42:44,Mumbai,India
2084,Visa,www.snapdeal.com,Mobile Phone,61.88,2019-05-20 15:49:04,Jerusalem,Israel
2085,Maestro,www.amazon.com,TV,245.17,2019-05-20 14:59:07,London,United Kingdom
2086,MasterCard,www.snapdeal.com,Wrist Watch,300.35,2019-05-20 22:55:56,Singapore,Singapore
2087,Maestro,www.ebay.com,Laptop,503.66,2019-05-20 18:36:07,New York City,United States
2088,MasterCard,www.ebay.com,HDMI Cable,420.46,2019-05-20 18:50:27,Chennai,India
2089,Visa,www.ebay.com,TV Stand,350.39,2019-05-20 16:57:24,Jerusalem,Israel
2090,Maestro,www.amazon.com,Laptop,52.45,2019-05-20 16:43:35,New Delhi,Inida
2091,Maestro,www.ebay.com,TV,272.27,2019-05-20 21:13:51,Rome,Italy
2092,Maestro,www.ebay.com,Text Books,41.45,2019-05-20 07:44:53,Rome,Italy
2093,Maestro,www.flipkart.com,Pen Drive,270.07,2019-05-20 08:59:11,London,United Kingdom
2094,Visa,www.snapdeal.com,Laptop,319.35,2019-05-20 12:09:55,Singapore,Singapore
2095,Visa,www.snapdeal.com,LAN Cable,18.42,2019-05-20 02:36:38,Pune,India
2096,Maestro,www.ebay.com,Pen Drive,171.58,2019-05-20 17:17:08,Rome,Italy
2097,Visa,www.snapdeal.com,Laptop,64.59,2019-05-20 09:40:40,New Delhi,Inida
2098,Maestro,www.ebay.com,TV,267.93,2019-05-20 08:44:10,Jerusalem,Israel
2099,Maestro,www.snapdeal.com,Wrist Watch,493.89,2019-05-20 12:17:53,Rome,Italy
2100,MasterCard,www.ebay.com,Wrist Band,46.44,2019-05-20 02:03:08,Jerusalem,Israel
2101,Visa,www.ebay.com,TV Stand,548.75,2019-05-20 09:43:24,Rome,Italy
2102,Maestro,www.amazon.com,Wrist Watch,16.40,2019-05-20 20:38:42,Singapore,Singapore
2103,Visa,www.ebay.com,TV,543.12,2019-05-20 02:36:15,Singapore,Singapore
2104,MasterCard,www.amazon.com,TV,76.11,2019-05-20 08:10:39,Hyderabad,India
2105,Maestro,www.flipkart.com,Laptop,115.51,2019-05-20 06:23:25,New York City,United States
2106,Maestro,www.amazon.com,Laptop,216.10,2019-05-20 16:42:07,Chennai,India
2107,Visa,www.amazon.com,Laptop,284.46,2019-05-20 16:41:34,London,United Kingdom
2108,Maestro,www.amazon.com,Wrist Watch,190.95,2019-05-20 09:56:49,Pune,India
2109,Maestro,www.ebay.com,External Hard Drive,450.79,2019-05-20 04:36:33,Singapore,Singapore
2110,Visa,www.ebay.com,Wrist Watch,303.47,2019-05-20 08:58:22,Paris,France
2111,MasterCard,www.amazon.com,Pen Drive,547.36,2019-05-20 02:55:41,Bangkok,Thailand
2112,Visa,www.snapdeal.com,TV,193.16,2019-05-20 13:57:08,Rome,Italy
2113,Maestro,www.amazon.com,Desktop Computer,126.29,2019-05-20 00:34:50,Mumbai,India
2114,MasterCard,www.ebay.com,LAN Cable,549.61,2019-05-20 08:49:09,Jerusalem,Israel
2115,MasterCard,www.amazon.com,TV Stand,45.65,2019-05-20 16:36:07,Singapore,Singapore
2116,Maestro,www.flipkart.com,HDMI Cable,491.55,2019-05-20 03:14:55,Paris,France
2117,Visa,www.flipkart.com,Desktop Computer,513.17,2019-05-20 09:44:30,Pune,India
2118,MasterCard,www.snapdeal.com,Laptop,318.10,2019-05-20 19:11:36,New Delhi,Inida
2119,Visa,www.amazon.com,HDMI Cable,213.81,2019-05-20 15:38:50,New York City,United States
2120,Visa,www.snapdeal.com,Wrist Band,6.34,2019-05-20 20:34:32,Bangalore,India
2121,MasterCard,www.amazon.com,Wrist Band,244.35,2019-05-20 11:53:33,Bangkok,Thailand
2122,Visa,www.flipkart.com,Wrist Band,251.95,2019-05-20 09:10:59,Bangkok,Thailand
2123,MasterCard,www.ebay.com,External Hard Drive,441.68,2019-05-20 18:09:17,Mumbai,India
2124,Visa,www.amazon.com,LAN Cable,391.41,2019-05-20 18:45:47,Pune,India
2125,Visa,www.amazon.com,Wrist Band,316.85,2019-05-20 07:10:45,Hyderabad,India
2126,Maestro,www.amazon.com,Wrist Watch,278.62,2019-05-20 02:49:02,Hyderabad,India
2127,MasterCard,www.ebay.com,Wrist Band,448.39,2019-05-20 15:03:18,Chennai,India
2128,MasterCard,www.amazon.com,HDMI Cable,90.62,2019-05-20 02:55:20,New York City,United States
2129,Maestro,www.amazon.com,Laptop,69.87,2019-05-20 17:42:50,Pune,India
2130,Maestro,www.flipkart.com,Wrist Watch,445.27,2019-05-20 06:18:33,Mumbai,India
2131,Visa,www.snapdeal.com,Wrist Band,16.80,2019-05-20 10:23:14,Bangkok,Thailand
2132,MasterCard,www.amazon.com,Mobile Phone,127.49,2019-05-20 16:22:15,Paris,France
2133,Visa,www.flipkart.com,TV,480.24,2019-05-20 22:32:45,Rome,Italy
2134,Maestro,www.snapdeal.com,TV,156.42,2019-05-20 23:02:07,Chennai,India
2135,Visa,www.amazon.com,TV Stand,338.15,2019-05-20 03:36:52,London,United Kingdom
2136,Maestro,www.flipkart.com,TV,499.67,2019-05-20 02:51:03,London,United Kingdom
2137,Visa,www.snapdeal.com,Pen Drive,520.85,2019-05-20 04:26:10,London,United Kingdom
2138,MasterCard,www.amazon.com,LAN Cable,18.24,2019-05-20 17:45:19,Singapore,Singapore
2139,MasterCard,www.ebay.com,Wrist Band,188.55,2019-05-20 21:49:18,Jerusalem,Israel
2140,Maestro,www.snapdeal.com,Laptop,473.93,2019-05-20 22:17:23,Pune,India
2141,Maestro,www.ebay.com,External Hard Drive,534.77,2019-05-20 18:57:21,Paris,France
2142,Maestro,www.ebay.com,Text Books,367.89,2019-05-20 15:16:33,Bangkok,Thailand
2143,MasterCard,www.flipkart.com,TV Stand,199.04,2019-05-20 15:49:13,Pune,India
2144,Maestro,www.amazon.com,External Hard Drive,82.27,2019-05-20 20:27:10,Pune,India
2145,Maestro,www.snapdeal.com,TV,334.05,2019-05-20 23:48:34,Kolkata,India
2146,Visa,www.flipkart.com,Mobile Phone,357.93,2019-05-20 18:34:46,Mumbai,India
2147,Maestro,www.ebay.com,TV,298.16,2019-05-20 14:25:40,Rome,Italy
2148,Maestro,www.ebay.com,LAN Cable,301.18,2019-05-20 16:49:42,Rome,Italy
2149,MasterCard,www.ebay.com,External Hard Drive,141.52,2019-05-20 16:34:32,New Delhi,Inida
2150,Maestro,www.amazon.com,Pen Drive,429.19,2019-05-20 06:29:32,Hyderabad,India
2151,Visa,www.snapdeal.com,Text Books,347.68,2019-05-20 09:05:28,Hyderabad,India
2152,Visa,www.ebay.com,Text Books,432.25,2019-05-20 20:37:17,Pune,India
2153,Maestro,www.ebay.com,Laptop,396.43,2019-05-20 17:58:15,Jerusalem,Israel
2154,Visa,www.snapdeal.com,Wrist Band,75.48,2019-05-20 01:50:10,Rome,Italy
2155,Maestro,www.flipkart.com,Pen Drive,321.27,2019-05-20 15:51:02,Chennai,India
2156,MasterCard,www.snapdeal.com,External Hard Drive,170.78,2019-05-20 06:22:49,Kolkata,India
2157,Maestro,www.flipkart.com,HDMI Cable,465.52,2019-05-20 21:04:13,New Delhi,Inida
2158,MasterCard,www.ebay.com,Mobile Phone,385.68,2019-05-20 14:46:34,Rome,Italy
2159,MasterCard,www.amazon.com,External Hard Drive,93.54,2019-05-20 00:04:18,New Delhi,Inida
2160,Maestro,www.ebay.com,LAN Cable,125.21,2019-05-20 10:53:47,Paris,France
2161,Maestro,www.flipkart.com,TV Stand,413.56,2019-05-20 22:56:15,London,United Kingdom
2162,MasterCard,www.flipkart.com,HDMI Cable,19.51,2019-05-20 16:05:51,New Delhi,Inida
2163,Visa,www.snapdeal.com,TV Stand,244.08,2019-05-20 21:33:22,Jerusalem,Israel
2164,Visa,www.snapdeal.com,TV,458.98,2019-05-20 10:57:46,Paris,France
2165,MasterCard,www.amazon.com,HDMI Cable,307.19,2019-05-20 15:22:12,London,United Kingdom
2166,Visa,www.ebay.com,Pen Drive,143.65,2019-05-20 19:46:35,New York City,United States
2167,Maestro,www.flipkart.com,Wrist Watch,479.67,2019-05-20 05:44:22,New Delhi,Inida
2168,Maestro,www.amazon.com,Pen Drive,14.66,2019-05-20 13:05:17,Mumbai,India
2169,MasterCard,www.snapdeal.com,TV Stand,273.73,2019-05-20 07:40:31,London,United Kingdom
2170,MasterCard,www.flipkart.com,Desktop Computer,421.21,2019-05-20 09:29:26,Rome,Italy
2171,MasterCard,www.snapdeal.com,Wrist Band,333.67,2019-05-20 15:48:56,Kolkata,India
2172,Maestro,www.snapdeal.com,External Hard Drive,476.17,2019-05-20 19:28:53,Rome,Italy
2173,MasterCard,www.amazon.com,External Hard Drive,415.81,2019-05-20 08:00:04,Mumbai,India
2174,MasterCard,www.ebay.com,TV Stand,477.70,2019-05-20 11:45:33,Bangalore,India
2175,MasterCard,www.flipkart.com,TV Stand,525.44,2019-05-20 08:57:28,Bangalore,India
2176,MasterCard,www.ebay.com,Pen Drive,539.58,2019-05-20 15:34:56,Mumbai,India
2177,Maestro,www.ebay.com,LAN Cable,294.19,2019-05-20 21:56:57,Rome,Italy
2178,Maestro,www.ebay.com,Text Books,359.20,2019-05-20 14:10:52,Mumbai,India
2179,Visa,www.amazon.com,External Hard Drive,124.02,2019-05-20 09:36:01,Bangalore,India
2180,Visa,www.snapdeal.com,Pen Drive,538.60,2019-05-20 03:13:33,Hyderabad,India
2181,Maestro,www.amazon.com,External Hard Drive,62.89,2019-05-20 05:03:21,Rome,Italy
2182,MasterCard,www.flipkart.com,Laptop,282.29,2019-05-20 03:32:52,Hyderabad,India
2183,Visa,www.amazon.com,Desktop Computer,391.10,2019-05-20 09:06:56,Bangkok,Thailand
2184,Visa,www.snapdeal.com,Laptop,49.56,2019-05-20 21:55:40,New York City,United States
2185,MasterCard,www.amazon.com,TV,333.43,2019-05-20 11:25:08,Hyderabad,India
2186,Maestro,www.snapdeal.com,TV Stand,401.57,2019-05-20 06:01:11,London,United Kingdom
2187,Visa,www.flipkart.com,LAN Cable,286.88,2019-05-20 17:35:12,Rome,Italy
2188,MasterCard,www.snapdeal.com,HDMI Cable,162.46,2019-05-20 03:07:57,Rome,Italy
2189,Visa,www.snapdeal.com,Mobile Phone,322.71,2019-05-20 08:26:51,Bangalore,India
2190,Visa,www.amazon.com,Wrist Band,527.64,2019-05-20 18:08:15,Jerusalem,Israel
2191,Maestro,www.snapdeal.com,TV,85.43,2019-05-20 04:41:20,Kolkata,India
2192,Visa,www.snapdeal.com,External Hard Drive,218.06,2019-05-20 10:35:24,New York City,United States
2193,Visa,www.ebay.com,External Hard Drive,90.94,2019-05-20 21:14:54,Mumbai,India
2194,Visa,www.snapdeal.com,Wrist Watch,324.70,2019-05-20 22:13:12,Paris,France
2195,Visa,www.ebay.com,Text Books,210.71,2019-05-20 00:00:39,New Delhi,Inida
2196,MasterCard,www.flipkart.com,Mobile Phone,514.71,2019-05-20 14:55:05,New Delhi,Inida
2197,Maestro,www.amazon.com,Text Books,311.03,2019-05-20 06:45:19,New York City,United States
2198,Maestro,www.snapdeal.com,External Hard Drive,98.68,2019-05-20 09:19:01,Bangkok,Thailand
2199,Visa,www.amazon.com,HDMI Cable,60.54,2019-05-20 09:33:34,Mumbai,India
2200,MasterCard,www.snapdeal.com,TV Stand,295.42,2019-05-20 04:22:34,Chennai,India
2201,Maestro,www.flipkart.com,HDMI Cable,373.97,2019-05-20 09:18:31,Hyderabad,India
2202,Visa,www.snapdeal.com,Wrist Band,77.29,2019-05-20 09:19:58,Bangalore,India
2203,MasterCard,www.amazon.com,Text Books,66.84,2019-05-20 06:48:13,New Delhi,Inida
2204,Visa,www.flipkart.com,TV Stand,537.59,2019-05-20 10:35:10,Pune,India
2205,Maestro,www.ebay.com,Laptop,10.87,2019-05-20 15:50:16,Hyderabad,India
2206,Maestro,www.flipkart.com,Pen Drive,541.26,2019-05-20 17:40:43,Bangkok,Thailand
2207,MasterCard,www.ebay.com,Mobile Phone,110.82,2019-05-20 07:16:47,Mumbai,India
2208,MasterCard,www.snapdeal.com,Wrist Watch,533.05,2019-05-20 14:27:22,Mumbai,India
2209,MasterCard,www.ebay.com,Pen Drive,438.28,2019-05-20 00:07:40,Pune,India
2210,Maestro,www.snapdeal.com,Wrist Watch,505.33,2019-05-20 17:11:25,Paris,France
2211,MasterCard,www.snapdeal.com,External Hard Drive,26.78,2019-05-20 20:49:34,London,United Kingdom
2212,Visa,www.snapdeal.com,Pen Drive,511.72,2019-05-20 17:55:34,New York City,United States
2213,MasterCard,www.amazon.com,Wrist Watch,285.79,2019-05-20 15:39:59,London,United Kingdom
2214,MasterCard,www.amazon.com,TV Stand,551.19,2019-05-20 03:37:06,Mumbai,India
2215,Maestro,www.ebay.com,HDMI Cable,91.89,2019-05-20 22:51:36,Pune,India
2216,MasterCard,www.ebay.com,Text Books,173.47,2019-05-20 19:43:28,Bangkok,Thailand
2217,MasterCard,www.snapdeal.com,Mobile Phone,8.80,2019-05-20 17:09:32,Chennai,India
2218,Visa,www.snapdeal.com,HDMI Cable,183.46,2019-05-20 14:19:03,Jerusalem,Israel
2219,MasterCard,www.ebay.com,LAN Cable,443.94,2019-05-20 14:26:41,Singapore,Singapore
2220,Maestro,www.snapdeal.com,Pen Drive,313.91,2019-05-20 01:17:21,Singapore,Singapore
2221,MasterCard,www.snapdeal.com,Desktop Computer,413.51,2019-05-20 05:23:58,New York City,United States
2222,Visa,www.ebay.com,TV Stand,442.01,2019-05-20 07:01:44,Kolkata,India
2223,Visa,www.flipkart.com,Desktop Computer,185.06,2019-05-20 03:35:11,London,United Kingdom
2224,MasterCard,www.snapdeal.com,External Hard Drive,405.02,2019-05-20 01:53:35,Bangalore,India
2225,Maestro,www.amazon.com,LAN Cable,429.49,2019-05-20 05:30:05,Rome,Italy
2226,Maestro,www.flipkart.com,Wrist Watch,194.00,2019-05-20 17:47:53,Singapore,Singapore
2227,Maestro,www.snapdeal.com,Text Books,489.03,2019-05-20 23:10:54,Kolkata,India
2228,MasterCard,www.ebay.com,Wrist Band,14.80,2019-05-20 01:06:43,Hyderabad,India
2229,MasterCard,www.amazon.com,Text Books,63.36,2019-05-20 10:31:38,Chennai,India
2230,Maestro,www.ebay.com,TV,24.41,2019-05-20 18:58:01,Chennai,India
2231,Visa,www.amazon.com,HDMI Cable,188.68,2019-05-20 06:07:27,New York City,United States
2232,Visa,www.amazon.com,Laptop,494.77,2019-05-20 11:24:35,Hyderabad,India
2233,Visa,www.amazon.com,TV,72.97,2019-05-20 20:22:52,Hyderabad,India
2234,MasterCard,www.snapdeal.com,Text Books,9.87,2019-05-20 18:28:35,Paris,France
2235,MasterCard,www.snapdeal.com,Mobile Phone,182.54,2019-05-20 13:36:11,New Delhi,Inida
2236,MasterCard,www.amazon.com,Text Books,527.52,2019-05-20 02:00:23,Mumbai,India
2237,Visa,www.snapdeal.com,TV,383.85,2019-05-20 11:47:50,Jerusalem,Israel
2238,MasterCard,www.snapdeal.com,HDMI Cable,497.07,2019-05-20 00:09:37,Rome,Italy
2239,Visa,www.ebay.com,Pen Drive,186.07,2019-05-20 08:39:16,Bangalore,India
2240,Visa,www.ebay.com,LAN Cable,225.01,2019-05-20 23:15:49,Chennai,India
2241,Visa,www.flipkart.com,Wrist Watch,527.44,2019-05-20 15:24:14,Singapore,Singapore
2242,Maestro,www.snapdeal.com,Text Books,240.73,2019-05-20 18:56:56,Chennai,India
2243,MasterCard,www.amazon.com,Wrist Band,152.19,2019-05-20 22:41:53,Paris,France
2244,MasterCard,www.ebay.com,Wrist Watch,208.69,2019-05-20 02:55:17,Hyderabad,India
2245,Maestro,www.amazon.com,Mobile Phone,91.44,2019-05-20 08:57:35,Singapore,Singapore
2246,Visa,www.amazon.com,Mobile Phone,388.40,2019-05-20 02:07:52,New Delhi,Inida
2247,MasterCard,www.amazon.com,Mobile Phone,158.19,2019-05-20 08:59:40,Paris,France
2248,Visa,www.snapdeal.com,Wrist Band,215.25,2019-05-20 06:43:30,New Delhi,Inida
2249,Maestro,www.ebay.com,HDMI Cable,131.65,2019-05-20 05:15:06,Rome,Italy
2250,Maestro,www.snapdeal.com,LAN Cable,62.93,2019-05-20 10:10:28,Paris,France
2251,MasterCard,www.ebay.com,Laptop,102.79,2019-05-20 13:13:23,Paris,France
2252,Maestro,www.flipkart.com,External Hard Drive,336.85,2019-05-20 15:44:45,Jerusalem,Israel
2253,MasterCard,www.snapdeal.com,Text Books,180.38,2019-05-20 00:06:13,New York City,United States
2254,MasterCard,www.flipkart.com,Text Books,376.65,2019-05-20 05:42:24,Singapore,Singapore
2255,MasterCard,www.ebay.com,HDMI Cable,298.30,2019-05-20 00:05:21,Kolkata,India
2256,Maestro,www.snapdeal.com,TV Stand,541.24,2019-05-20 16:59:43,Jerusalem,Israel
2257,Visa,www.ebay.com,Wrist Band,89.81,2019-05-20 19:24:04,Rome,Italy
2258,Visa,www.snapdeal.com,HDMI Cable,309.89,2019-05-20 07:56:24,New Delhi,Inida
2259,MasterCard,www.ebay.com,Wrist Watch,160.54,2019-05-20 20:11:43,Chennai,India
2260,Maestro,www.amazon.com,Laptop,475.51,2019-05-20 13:45:56,Chennai,India
2261,Maestro,www.snapdeal.com,Text Books,195.22,2019-05-20 06:54:49,Mumbai,India
2262,MasterCard,www.ebay.com,Wrist Watch,406.81,2019-05-20 05:58:58,Bangkok,Thailand
2263,MasterCard,www.ebay.com,External Hard Drive,204.76,2019-05-20 07:20:55,New York City,United States
2264,Maestro,www.ebay.com,Laptop,218.66,2019-05-20 23:07:23,Hyderabad,India
2265,Visa,www.snapdeal.com,TV,457.03,2019-05-20 22:35:19,Bangalore,India
2266,MasterCard,www.ebay.com,HDMI Cable,328.34,2019-05-20 09:06:31,London,United Kingdom
2267,Visa,www.ebay.com,External Hard Drive,516.66,2019-05-20 12:08:13,Mumbai,India
2268,Visa,www.amazon.com,Mobile Phone,443.93,2019-05-20 05:43:01,Kolkata,India
2269,MasterCard,www.amazon.com,Mobile Phone,333.28,2019-05-20 11:39:47,Mumbai,India
2270,MasterCard,www.amazon.com,TV Stand,502.71,2019-05-20 21:07:03,Hyderabad,India
2271,MasterCard,www.flipkart.com,Pen Drive,316.46,2019-05-20 04:33:03,London,United Kingdom
2272,Maestro,www.amazon.com,Desktop Computer,45.50,2019-05-20 18:25:01,Chennai,India
2273,MasterCard,www.snapdeal.com,Mobile Phone,414.66,2019-05-20 12:07:40,Rome,Italy
2274,Visa,www.amazon.com,Desktop Computer,33.71,2019-05-20 21:36:21,Kolkata,India
2275,Visa,www.amazon.com,Text Books,454.18,2019-05-20 03:46:23,New Delhi,Inida
2276,Maestro,www.flipkart.com,Wrist Band,181.01,2019-05-20 12:24:24,Bangkok,Thailand
2277,Maestro,www.amazon.com,Mobile Phone,503.67,2019-05-20 23:54:27,New York City,United States
2278,Visa,www.snapdeal.com,External Hard Drive,287.99,2019-05-20 09:19:36,Bangkok,Thailand
2279,Maestro,www.snapdeal.com,HDMI Cable,98.51,2019-05-20 16:02:54,Rome,Italy
2280,MasterCard,www.amazon.com,Desktop Computer,142.01,2019-05-20 16:37:40,Bangkok,Thailand
2281,MasterCard,www.ebay.com,TV,43.86,2019-05-20 14:03:55,Bangkok,Thailand
2282,Visa,www.amazon.com,Wrist Watch,85.29,2019-05-20 01:03:31,New York City,United States
2283,Maestro,www.amazon.com,Mobile Phone,310.21,2019-05-20 17:29:56,New York City,United States
2284,Visa,www.amazon.com,LAN Cable,495.34,2019-05-20 17:50:45,Jerusalem,Israel
2285,Visa,www.amazon.com,Text Books,512.16,2019-05-20 07:23:25,Mumbai,India
2286,MasterCard,www.amazon.com,Desktop Computer,286.59,2019-05-20 16:30:34,Kolkata,India
2287,Maestro,www.flipkart.com,Wrist Band,316.27,2019-05-20 23:52:37,Bangkok,Thailand
2288,Visa,www.ebay.com,HDMI Cable,432.88,2019-05-20 16:09:14,Kolkata,India
2289,MasterCard,www.amazon.com,Mobile Phone,328.94,2019-05-20 14:53:44,Singapore,Singapore
2290,Visa,www.snapdeal.com,Desktop Computer,147.45,2019-05-20 16:36:14,Paris,France
2291,Maestro,www.snapdeal.com,Pen Drive,145.74,2019-05-20 16:28:21,New Delhi,Inida
2292,Visa,www.snapdeal.com,Desktop Computer,199.45,2019-05-20 10:04:09,Paris,France
2293,Visa,www.snapdeal.com,External Hard Drive,52.83,2019-05-20 06:33:58,Bangkok,Thailand
2294,Maestro,www.ebay.com,TV,39.23,2019-05-20 11:06:14,Kolkata,India
2295,MasterCard,www.snapdeal.com,HDMI Cable,448.50,2019-05-20 05:12:13,Bangalore,India
2296,Visa,www.snapdeal.com,LAN Cable,66.49,2019-05-20 16:55:33,Kolkata,India
2297,Maestro,www.ebay.com,HDMI Cable,69.10,2019-05-20 13:53:04,Kolkata,India
2298,MasterCard,www.ebay.com,Text Books,6.01,2019-05-20 22:02:43,Chennai,India
2299,MasterCard,www.amazon.com,HDMI Cable,55.31,2019-05-20 02:38:22,Rome,Italy
2300,Visa,www.ebay.com,TV,98.96,2019-05-20 09:21:17,Chennai,India
2301,Visa,www.ebay.com,HDMI Cable,370.32,2019-05-20 21:33:51,Paris,France
2302,MasterCard,www.snapdeal.com,TV Stand,394.50,2019-05-20 23:53:04,London,United Kingdom
2303,MasterCard,www.snapdeal.com,Text Books,244.84,2019-05-20 11:10:47,Jerusalem,Israel
2304,Maestro,www.ebay.com,Mobile Phone,407.34,2019-05-20 03:45:26,Rome,Italy
2305,Visa,www.ebay.com,External Hard Drive,202.95,2019-05-20 23:05:41,Kolkata,India
2306,Visa,www.flipkart.com,Desktop Computer,535.69,2019-05-20 15:41:16,London,United Kingdom
2307,Maestro,www.snapdeal.com,TV,370.30,2019-05-20 20:20:31,New York City,United States
2308,MasterCard,www.amazon.com,Laptop,467.68,2019-05-20 11:13:27,Bangkok,Thailand
2309,Visa,www.ebay.com,Wrist Band,128.04,2019-05-20 20:30:40,London,United Kingdom
2310,Maestro,www.amazon.com,TV Stand,217.59,2019-05-20 17:43:34,Mumbai,India
2311,Maestro,www.snapdeal.com,Text Books,128.02,2019-05-20 12:18:45,Bangkok,Thailand
2312,Visa,www.flipkart.com,External Hard Drive,439.38,2019-05-20 21:25:26,Pune,India
2313,Maestro,www.ebay.com,TV Stand,521.96,2019-05-20 06:26:43,New York City,United States
2314,Maestro,www.flipkart.com,HDMI Cable,442.13,2019-05-20 05:10:06,Paris,France
2315,Maestro,www.flipkart.com,TV,227.08,2019-05-20 19:42:41,Paris,France
2316,MasterCard,www.ebay.com,External Hard Drive,385.62,2019-05-20 03:27:16,Paris,France
2317,Maestro,www.flipkart.com,TV,523.33,2019-05-20 01:52:22,Paris,France
2318,Maestro,www.amazon.com,HDMI Cable,220.22,2019-05-20 16:58:08,Hyderabad,India
2319,Maestro,www.amazon.com,TV,6.90,2019-05-20 18:32:00,New York City,United States
2320,Visa,www.amazon.com,Wrist Band,117.94,2019-05-20 05:08:35,Bangkok,Thailand
2321,Visa,www.flipkart.com,Wrist Band,169.78,2019-05-20 21:59:00,Paris,France
2322,MasterCard,www.ebay.com,Wrist Band,513.58,2019-05-20 08:27:18,Mumbai,India
2323,Maestro,www.snapdeal.com,TV Stand,258.74,2019-05-20 18:51:46,Rome,Italy
2324,Maestro,www.snapdeal.com,Wrist Watch,553.63,2019-05-20 09:44:32,Jerusalem,Israel
2325,Maestro,www.snapdeal.com,TV,329.80,2019-05-20 03:43:23,Paris,France
2326,Maestro,www.snapdeal.com,Pen Drive,250.36,2019-05-20 03:57:28,Rome,Italy
2327,Visa,www.ebay.com,HDMI Cable,459.11,2019-05-20 06:20:59,New Delhi,Inida
2328,Visa,www.flipkart.com,Wrist Watch,514.66,2019-05-20 04:08:17,Bangalore,India
2329,Visa,www.ebay.com,Text Books,203.69,2019-05-20 13:08:46,Mumbai,India
2330,Visa,www.flipkart.com,TV,30.14,2019-05-20 00:24:46,New Delhi,Inida
2331,Maestro,www.amazon.com,TV Stand,336.58,2019-05-20 21:14:27,Rome,Italy
2332,Maestro,www.flipkart.com,TV Stand,93.13,2019-05-20 01:26:46,Jerusalem,Israel
2333,Maestro,www.flipkart.com,HDMI Cable,401.90,2019-05-20 08:19:59,Singapore,Singapore
2334,Maestro,www.ebay.com,HDMI Cable,162.05,2019-05-20 06:29:04,Chennai,India
2335,Visa,www.snapdeal.com,Wrist Band,432.54,2019-05-20 16:33:12,Paris,France
2336,Visa,www.amazon.com,Wrist Band,71.95,2019-05-20 09:01:17,Jerusalem,Israel
2337,Visa,www.snapdeal.com,Pen Drive,399.29,2019-05-20 08:20:59,Mumbai,India
2338,MasterCard,www.flipkart.com,Wrist Band,495.75,2019-05-20 14:00:29,Chennai,India
2339,Visa,www.flipkart.com,Desktop Computer,388.86,2019-05-20 19:51:39,Mumbai,India
2340,Visa,www.amazon.com,TV,112.35,2019-05-20 02:22:50,New York City,United States
2341,MasterCard,www.snapdeal.com,Mobile Phone,115.28,2019-05-20 11:49:22,Rome,Italy
2342,Maestro,www.amazon.com,TV,545.44,2019-05-20 02:09:35,Bangkok,Thailand
2343,Maestro,www.snapdeal.com,External Hard Drive,12.69,2019-05-20 13:56:50,Paris,France
2344,Visa,www.flipkart.com,Desktop Computer,492.44,2019-05-20 09:49:02,Hyderabad,India
2345,Visa,www.amazon.com,Wrist Band,61.80,2019-05-20 00:01:12,London,United Kingdom
2346,Maestro,www.ebay.com,HDMI Cable,307.37,2019-05-20 06:26:26,Singapore,Singapore
2347,MasterCard,www.amazon.com,Mobile Phone,79.44,2019-05-20 10:43:08,Jerusalem,Israel
2348,Visa,www.flipkart.com,Wrist Watch,144.60,2019-05-20 18:37:33,New York City,United States
2349,Maestro,www.amazon.com,TV,54.02,2019-05-20 21:07:12,Kolkata,India
2350,Maestro,www.ebay.com,TV Stand,212.21,2019-05-20 21:59:55,Jerusalem,Israel
2351,Visa,www.ebay.com,External Hard Drive,179.00,2019-05-20 01:17:21,Chennai,India
2352,Maestro,www.ebay.com,HDMI Cable,120.51,2019-05-20 17:17:23,Hyderabad,India
2353,Maestro,www.amazon.com,TV,371.60,2019-05-20 08:14:23,Hyderabad,India
2354,MasterCard,www.ebay.com,Pen Drive,349.75,2019-05-20 03:31:50,Jerusalem,Israel
2355,Maestro,www.snapdeal.com,Wrist Watch,373.43,2019-05-20 16:53:10,Bangalore,India
2356,MasterCard,www.snapdeal.com,TV,494.72,2019-05-20 23:45:25,New Delhi,Inida
2357,Maestro,www.amazon.com,HDMI Cable,521.14,2019-05-20 14:45:56,Bangalore,India
2358,Maestro,www.amazon.com,HDMI Cable,171.91,2019-05-20 11:49:06,Pune,India
2359,MasterCard,www.ebay.com,Text Books,511.80,2019-05-20 10:34:00,Singapore,Singapore
2360,MasterCard,www.snapdeal.com,Pen Drive,307.28,2019-05-20 05:52:53,Singapore,Singapore
2361,MasterCard,www.flipkart.com,Pen Drive,340.09,2019-05-20 12:55:46,Kolkata,India
2362,Visa,www.snapdeal.com,Desktop Computer,424.55,2019-05-20 10:33:29,New York City,United States
2363,Maestro,www.amazon.com,HDMI Cable,411.41,2019-05-20 10:41:23,Pune,India
2364,Visa,www.snapdeal.com,LAN Cable,179.59,2019-05-20 13:23:03,Chennai,India
2365,Maestro,www.ebay.com,Mobile Phone,454.61,2019-05-20 09:01:51,Bangkok,Thailand
2366,Visa,www.flipkart.com,Pen Drive,484.72,2019-05-20 15:47:09,Jerusalem,Israel
2367,Visa,www.ebay.com,HDMI Cable,136.38,2019-05-20 15:59:10,Chennai,India
2368,Maestro,www.ebay.com,Wrist Band,177.47,2019-05-20 04:35:49,Singapore,Singapore
2369,Visa,www.snapdeal.com,HDMI Cable,310.34,2019-05-20 16:52:01,Bangalore,India
2370,Visa,www.ebay.com,Laptop,353.54,2019-05-20 06:17:07,Chennai,India
2371,Maestro,www.ebay.com,HDMI Cable,491.66,2019-05-20 09:20:05,New York City,United States
2372,Maestro,www.flipkart.com,Text Books,229.01,2019-05-20 13:14:09,Kolkata,India
2373,MasterCard,www.snapdeal.com,TV,464.01,2019-05-20 02:32:09,Mumbai,India
2374,Maestro,www.ebay.com,Wrist Watch,30.29,2019-05-20 17:58:18,New York City,United States
2375,MasterCard,www.snapdeal.com,HDMI Cable,170.31,2019-05-20 12:30:36,Mumbai,India
2376,Maestro,www.ebay.com,Wrist Band,457.11,2019-05-20 06:09:20,Singapore,Singapore
2377,MasterCard,www.snapdeal.com,HDMI Cable,423.59,2019-05-20 03:30:39,New Delhi,Inida
2378,Visa,www.ebay.com,Laptop,501.30,2019-05-20 20:33:25,Jerusalem,Israel
2379,Maestro,www.amazon.com,Wrist Band,244.13,2019-05-20 10:06:40,Paris,France
2380,Maestro,www.flipkart.com,Mobile Phone,29.25,2019-05-20 12:19:21,Bangalore,India
2381,MasterCard,www.ebay.com,TV Stand,384.51,2019-05-20 12:45:19,Bangkok,Thailand
2382,MasterCard,www.flipkart.com,Pen Drive,287.03,2019-05-20 06:52:04,Bangalore,India
2383,Visa,www.flipkart.com,Desktop Computer,13.27,2019-05-20 07:10:41,Pune,India
2384,MasterCard,www.snapdeal.com,HDMI Cable,447.76,2019-05-20 21:14:57,Jerusalem,Israel
2385,Maestro,www.flipkart.com,Text Books,524.53,2019-05-20 13:05:10,Singapore,Singapore
2386,Visa,www.flipkart.com,LAN Cable,453.57,2019-05-20 22:44:18,Rome,Italy
2387,Visa,www.flipkart.com,TV Stand,105.50,2019-05-20 06:55:21,Paris,France
2388,Maestro,www.amazon.com,Pen Drive,329.10,2019-05-20 09:54:06,Bangalore,India
2389,Maestro,www.amazon.com,TV Stand,532.09,2019-05-20 11:45:03,Paris,France
2390,Visa,www.flipkart.com,Laptop,444.59,2019-05-20 00:41:42,Bangalore,India
2391,Visa,www.flipkart.com,Desktop Computer,284.27,2019-05-20 00:55:40,Bangkok,Thailand
2392,Maestro,www.amazon.com,Laptop,96.41,2019-05-20 05:45:46,Jerusalem,Israel
2393,Visa,www.flipkart.com,TV Stand,379.05,2019-05-20 01:42:36,Pune,India
2394,MasterCard,www.snapdeal.com,Laptop,126.35,2019-05-20 01:18:18,New Delhi,Inida
2395,Visa,www.flipkart.com,Wrist Band,427.70,2019-05-20 15:28:26,Paris,France
2396,MasterCard,www.amazon.com,Desktop Computer,46.60,2019-05-20 00:35:25,Bangkok,Thailand
2397,MasterCard,www.amazon.com,Desktop Computer,227.66,2019-05-20 13:21:46,Singapore,Singapore
2398,MasterCard,www.ebay.com,Desktop Computer,29.45,2019-05-20 03:07:56,New York City,United States
2399,Maestro,www.snapdeal.com,LAN Cable,169.87,2019-05-20 13:40:45,Bangkok,Thailand
2400,MasterCard,www.flipkart.com,HDMI Cable,249.41,2019-05-20 03:46:05,Rome,Italy
2401,MasterCard,www.ebay.com,Mobile Phone,52.57,2019-05-20 13:37:59,Pune,India
2402,MasterCard,www.snapdeal.com,Laptop,539.98,2019-05-20 05:34:52,Bangkok,Thailand
2403,Maestro,www.amazon.com,External Hard Drive,224.83,2019-05-20 07:35:46,New Delhi,Inida
2404,Maestro,www.ebay.com,LAN Cable,19.71,2019-05-20 09:47:15,Chennai,India
2405,MasterCard,www.flipkart.com,External Hard Drive,224.10,2019-05-20 16:53:28,Kolkata,India
2406,Visa,www.ebay.com,LAN Cable,419.29,2019-05-20 11:22:30,Paris,France
2407,MasterCard,www.snapdeal.com,Laptop,535.41,2019-05-20 00:49:52,Jerusalem,Israel
2408,MasterCard,www.snapdeal.com,Desktop Computer,232.06,2019-05-20 04:48:10,New Delhi,Inida
2409,MasterCard,www.ebay.com,TV Stand,462.79,2019-05-20 01:43:23,Mumbai,India
2410,Visa,www.ebay.com,External Hard Drive,419.80,2019-05-20 14:40:13,New York City,United States
2411,Maestro,www.amazon.com,TV Stand,356.17,2019-05-20 07:00:58,Bangalore,India
2412,Maestro,www.flipkart.com,Text Books,555.31,2019-05-20 14:15:42,London,United Kingdom
2413,Visa,www.flipkart.com,Text Books,197.96,2019-05-20 22:30:43,London,United Kingdom
2414,Maestro,www.flipkart.com,Pen Drive,416.63,2019-05-20 07:47:28,Hyderabad,India
2415,MasterCard,www.ebay.com,Pen Drive,420.20,2019-05-20 18:28:35,Bangalore,India
2416,Maestro,www.ebay.com,HDMI Cable,369.06,2019-05-20 15:18:15,New York City,United States
2417,Visa,www.snapdeal.com,External Hard Drive,546.92,2019-05-20 13:18:24,Kolkata,India
2418,MasterCard,www.ebay.com,Desktop Computer,140.80,2019-05-20 05:36:06,Chennai,India
2419,MasterCard,www.snapdeal.com,External Hard Drive,51.28,2019-05-20 04:24:08,Hyderabad,India
2420,Maestro,www.snapdeal.com,HDMI Cable,273.24,2019-05-20 23:18:58,Bangalore,India
2421,Visa,www.flipkart.com,Pen Drive,360.65,2019-05-20 12:48:28,Jerusalem,Israel
2422,MasterCard,www.amazon.com,Desktop Computer,19.90,2019-05-20 03:28:01,Mumbai,India
2423,Maestro,www.flipkart.com,Mobile Phone,86.02,2019-05-20 19:06:48,Bangalore,India
2424,Maestro,www.flipkart.com,Desktop Computer,125.29,2019-05-20 13:27:15,New Delhi,Inida
2425,Maestro,www.flipkart.com,TV Stand,463.08,2019-05-20 19:53:10,Bangkok,Thailand
2426,MasterCard,www.flipkart.com,Mobile Phone,435.99,2019-05-20 12:36:18,Chennai,India
2427,MasterCard,www.flipkart.com,Wrist Watch,504.59,2019-05-20 12:58:17,Chennai,India
2428,MasterCard,www.flipkart.com,LAN Cable,16.00,2019-05-20 03:17:58,Bangkok,Thailand
2429,Visa,www.ebay.com,External Hard Drive,167.57,2019-05-20 08:47:26,Bangalore,India
2430,Visa,www.ebay.com,Pen Drive,429.02,2019-05-20 03:19:31,Bangkok,Thailand
2431,Visa,www.flipkart.com,Text Books,490.25,2019-05-20 13:41:50,Kolkata,India
2432,Visa,www.ebay.com,External Hard Drive,316.79,2019-05-20 05:53:55,New York City,United States
2433,Visa,www.ebay.com,External Hard Drive,507.74,2019-05-20 12:53:57,New York City,United States
2434,Maestro,www.flipkart.com,TV Stand,423.73,2019-05-20 16:10:23,Bangkok,Thailand
2435,MasterCard,www.amazon.com,Laptop,549.42,2019-05-20 05:55:25,Kolkata,India
2436,Maestro,www.ebay.com,External Hard Drive,79.38,2019-05-20 09:33:09,Hyderabad,India
2437,Maestro,www.amazon.com,TV,73.59,2019-05-20 20:52:02,Bangkok,Thailand
2438,Visa,www.amazon.com,Mobile Phone,297.22,2019-05-20 01:17:41,Hyderabad,India
2439,MasterCard,www.snapdeal.com,LAN Cable,215.72,2019-05-20 03:10:56,Jerusalem,Israel
2440,Visa,www.snapdeal.com,Desktop Computer,162.57,2019-05-20 12:52:33,Kolkata,India
2441,Maestro,www.ebay.com,TV Stand,530.76,2019-05-20 22:38:45,London,United Kingdom
2442,Visa,www.amazon.com,TV Stand,504.14,2019-05-20 03:49:56,Bangalore,India
2443,Maestro,www.snapdeal.com,Laptop,369.34,2019-05-20 16:21:44,London,United Kingdom
2444,MasterCard,www.ebay.com,External Hard Drive,200.75,2019-05-20 01:29:41,Jerusalem,Israel
2445,MasterCard,www.flipkart.com,External Hard Drive,432.72,2019-05-20 19:53:20,Singapore,Singapore
2446,Maestro,www.amazon.com,Mobile Phone,494.86,2019-05-20 23:35:25,Hyderabad,India
2447,Maestro,www.flipkart.com,HDMI Cable,540.33,2019-05-20 21:16:40,Pune,India
2448,Visa,www.flipkart.com,Text Books,508.92,2019-05-20 14:18:42,Rome,Italy
2449,Visa,www.ebay.com,TV Stand,91.52,2019-05-20 02:08:23,Mumbai,India
2450,Maestro,www.ebay.com,Laptop,336.70,2019-05-20 15:18:08,Jerusalem,Israel
2451,MasterCard,www.snapdeal.com,Wrist Band,224.09,2019-05-20 16:37:30,Pune,India
2452,MasterCard,www.ebay.com,External Hard Drive,514.81,2019-05-20 11:41:49,Chennai,India
2453,Visa,www.amazon.com,LAN Cable,340.81,2019-05-20 17:02:39,New York City,United States
2454,MasterCard,www.ebay.com,TV Stand,8.78,2019-05-20 21:03:39,Bangalore,India
2455,MasterCard,www.amazon.com,Mobile Phone,180.30,2019-05-20 14:19:59,New York City,United States
2456,MasterCard,www.snapdeal.com,TV,201.68,2019-05-20 04:26:29,Paris,France
2457,MasterCard,www.amazon.com,LAN Cable,514.28,2019-05-20 06:17:10,Chennai,India
2458,Maestro,www.flipkart.com,TV Stand,519.17,2019-05-20 05:47:27,Pune,India
2459,Visa,www.snapdeal.com,Wrist Band,467.55,2019-05-20 11:50:07,Jerusalem,Israel
2460,MasterCard,www.amazon.com,Pen Drive,295.89,2019-05-20 10:15:32,Chennai,India
2461,Maestro,www.snapdeal.com,Laptop,267.57,2019-05-20 22:21:23,New Delhi,Inida
2462,Maestro,www.amazon.com,Wrist Band,367.78,2019-05-20 14:25:49,Bangkok,Thailand
2463,MasterCard,www.amazon.com,TV Stand,45.14,2019-05-20 18:05:36,Kolkata,India
2464,Maestro,www.ebay.com,Mobile Phone,212.12,2019-05-20 01:59:05,Hyderabad,India
2465,MasterCard,www.snapdeal.com,LAN Cable,546.08,2019-05-20 05:15:48,Hyderabad,India
2466,MasterCard,www.flipkart.com,HDMI Cable,316.08,2019-05-20 00:43:31,Kolkata,India
2467,Maestro,www.ebay.com,TV Stand,308.28,2019-05-20 12:07:01,Bangalore,India
2468,Visa,www.snapdeal.com,LAN Cable,71.24,2019-05-20 13:19:30,New York City,United States
2469,MasterCard,www.flipkart.com,HDMI Cable,300.28,2019-05-20 22:58:13,Mumbai,India
2470,Visa,www.ebay.com,External Hard Drive,333.83,2019-05-20 01:29:25,Pune,India
2471,MasterCard,www.snapdeal.com,LAN Cable,185.55,2019-05-20 10:11:18,New Delhi,Inida
2472,MasterCard,www.snapdeal.com,Wrist Band,14.81,2019-05-20 21:19:25,Bangkok,Thailand
2473,Maestro,www.flipkart.com,TV Stand,305.03,2019-05-20 03:10:47,Paris,France
2474,MasterCard,www.flipkart.com,Desktop Computer,244.20,2019-05-20 23:07:02,Pune,India
2475,Visa,www.amazon.com,Laptop,78.87,2019-05-20 15:45:47,New York City,United States
2476,MasterCard,www.flipkart.com,Text Books,131.18,2019-05-20 15:24:56,New York City,United States
2477,MasterCard,www.snapdeal.com,Text Books,20.19,2019-05-20 21:56:47,Bangalore,India
2478,MasterCard,www.ebay.com,External Hard Drive,243.95,2019-05-20 19:42:08,New Delhi,Inida
2479,MasterCard,www.flipkart.com,Desktop Computer,344.03,2019-05-20 03:59:38,Chennai,India
2480,Maestro,www.ebay.com,Wrist Band,198.59,2019-05-20 11:35:54,Jerusalem,Israel
2481,Visa,www.snapdeal.com,Mobile Phone,222.61,2019-05-20 02:03:24,Mumbai,India
2482,Visa,www.flipkart.com,TV,159.96,2019-05-20 10:57:35,Chennai,India
2483,MasterCard,www.ebay.com,TV Stand,496.70,2019-05-20 12:27:31,Mumbai,India
2484,MasterCard,www.flipkart.com,Desktop Computer,317.74,2019-05-20 17:36:50,Jerusalem,Israel
2485,MasterCard,www.snapdeal.com,Wrist Band,120.58,2019-05-20 21:50:17,Jerusalem,Israel
2486,Maestro,www.snapdeal.com,HDMI Cable,459.02,2019-05-20 16:53:45,New York City,United States
2487,Visa,www.snapdeal.com,Laptop,385.19,2019-05-20 19:22:39,Bangkok,Thailand
2488,Visa,www.flipkart.com,Wrist Watch,409.27,2019-05-20 23:21:10,Singapore,Singapore
2489,Maestro,www.amazon.com,Wrist Watch,528.05,2019-05-20 23:30:59,London,United Kingdom
2490,Visa,www.amazon.com,Text Books,329.55,2019-05-20 18:39:57,Bangkok,Thailand
2491,Visa,www.amazon.com,Wrist Band,520.65,2019-05-20 15:57:28,Kolkata,India
2492,Maestro,www.snapdeal.com,Desktop Computer,286.65,2019-05-20 19:11:00,Mumbai,India
2493,Visa,www.ebay.com,Laptop,92.88,2019-05-20 14:11:35,Paris,France
2494,MasterCard,www.ebay.com,TV,512.05,2019-05-20 17:18:01,Bangalore,India
2495,Visa,www.ebay.com,Text Books,343.33,2019-05-20 04:34:29,Bangkok,Thailand
2496,Visa,www.amazon.com,Mobile Phone,114.10,2019-05-20 21:29:13,Singapore,Singapore
2497,MasterCard,www.ebay.com,Laptop,462.63,2019-05-20 06:31:10,Chennai,India
2498,MasterCard,www.snapdeal.com,Wrist Watch,433.24,2019-05-20 15:18:57,Pune,India
2499,MasterCard,www.flipkart.com,LAN Cable,225.79,2019-05-20 21:26:18,Jerusalem,Israel
2500,Visa,www.flipkart.com,Wrist Band,178.98,2019-05-20 10:37:19,Pune,India
2501,Maestro,www.snapdeal.com,TV,192.18,2019-05-20 08:29:12,Bangalore,India
2502,Visa,www.ebay.com,TV,384.79,2019-05-20 11:49:34,Bangkok,Thailand
2503,Visa,www.flipkart.com,External Hard Drive,319.05,2019-05-20 22:04:10,Pune,India
2504,MasterCard,www.flipkart.com,Wrist Band,55.30,2019-05-20 10:39:54,Singapore,Singapore
2505,Visa,www.snapdeal.com,Wrist Band,362.66,2019-05-20 20:41:51,Jerusalem,Israel
2506,MasterCard,www.flipkart.com,Pen Drive,302.06,2019-05-20 09:29:31,New York City,United States
2507,Visa,www.amazon.com,Wrist Watch,177.54,2019-05-20 12:06:15,London,United Kingdom
2508,Maestro,www.snapdeal.com,Laptop,436.85,2019-05-20 23:50:07,New Delhi,Inida
2509,MasterCard,www.flipkart.com,HDMI Cable,406.92,2019-05-20 23:27:04,Hyderabad,India
2510,MasterCard,www.amazon.com,Laptop,307.62,2019-05-20 12:03:28,Rome,Italy
2511,Visa,www.amazon.com,External Hard Drive,80.44,2019-05-20 21:00:47,Hyderabad,India
2512,Visa,www.ebay.com,External Hard Drive,318.80,2019-05-20 01:29:13,London,United Kingdom
2513,MasterCard,www.amazon.com,Pen Drive,446.43,2019-05-20 12:53:52,Bangkok,Thailand
2514,Visa,www.ebay.com,External Hard Drive,261.19,2019-05-20 20:18:45,Bangkok,Thailand
2515,Maestro,www.flipkart.com,Mobile Phone,83.67,2019-05-20 15:06:20,Rome,Italy
2516,Maestro,www.ebay.com,TV Stand,151.60,2019-05-20 08:21:48,New Delhi,Inida
2517,MasterCard,www.flipkart.com,External Hard Drive,36.06,2019-05-20 16:03:37,New Delhi,Inida
2518,MasterCard,www.ebay.com,TV Stand,195.04,2019-05-20 01:27:15,New York City,United States
2519,Visa,www.snapdeal.com,Mobile Phone,91.12,2019-05-20 13:30:22,Bangalore,India
2520,Visa,www.flipkart.com,Desktop Computer,368.80,2019-05-20 06:51:18,Singapore,Singapore
2521,MasterCard,www.flipkart.com,Mobile Phone,472.50,2019-05-20 08:45:08,Pune,India
2522,Visa,www.ebay.com,HDMI Cable,120.74,2019-05-20 18:48:04,Mumbai,India
2523,Maestro,www.snapdeal.com,Wrist Watch,495.47,2019-05-20 02:44:17,Paris,France
2524,Visa,www.snapdeal.com,Desktop Computer,179.85,2019-05-20 12:55:42,Mumbai,India
2525,Maestro,www.amazon.com,Pen Drive,59.65,2019-05-20 20:13:01,Mumbai,India
2526,Maestro,www.ebay.com,TV,508.16,2019-05-20 07:32:44,Chennai,India
2527,Visa,www.flipkart.com,Pen Drive,278.12,2019-05-20 19:49:44,New York City,United States
2528,MasterCard,www.amazon.com,Text Books,411.99,2019-05-20 16:58:35,Bangalore,India
2529,MasterCard,www.snapdeal.com,TV,485.75,2019-05-20 00:44:07,Paris,France
2530,Maestro,www.flipkart.com,Wrist Watch,28.42,2019-05-20 23:25:49,New York City,United States
2531,Visa,www.ebay.com,Desktop Computer,204.10,2019-05-20 04:38:20,Hyderabad,India
2532,MasterCard,www.snapdeal.com,Wrist Watch,370.06,2019-05-20 21:04:41,Hyderabad,India
2533,Visa,www.ebay.com,Text Books,238.99,2019-05-20 11:45:56,Mumbai,India
2534,Visa,www.flipkart.com,HDMI Cable,541.76,2019-05-20 01:28:28,Paris,France
2535,MasterCard,www.snapdeal.com,Wrist Watch,159.99,2019-05-20 00:34:32,New York City,United States
2536,Maestro,www.flipkart.com,External Hard Drive,228.61,2019-05-20 13:33:17,London,United Kingdom
2537,Maestro,www.flipkart.com,HDMI Cable,253.68,2019-05-20 09:00:13,Kolkata,India
2538,Visa,www.snapdeal.com,TV,459.91,2019-05-20 05:07:06,Jerusalem,Israel
2539,MasterCard,www.snapdeal.com,LAN Cable,116.80,2019-05-20 11:18:20,Mumbai,India
2540,MasterCard,www.ebay.com,Wrist Band,145.27,2019-05-20 00:19:26,Chennai,India
2541,Maestro,www.ebay.com,LAN Cable,348.23,2019-05-20 22:56:55,New York City,United States
2542,MasterCard,www.amazon.com,Wrist Watch,460.00,2019-05-20 22:12:20,New York City,United States
2543,Maestro,www.amazon.com,Text Books,422.44,2019-05-20 01:05:07,Rome,Italy
2544,Maestro,www.ebay.com,External Hard Drive,208.49,2019-05-20 19:51:11,Pune,India
2545,Maestro,www.ebay.com,Wrist Watch,437.22,2019-05-20 20:46:04,Pune,India
2546,MasterCard,www.ebay.com,Laptop,452.39,2019-05-20 20:34:03,Kolkata,India
2547,Maestro,www.ebay.com,Text Books,216.29,2019-05-20 18:06:07,Bangkok,Thailand
2548,MasterCard,www.amazon.com,Wrist Watch,221.96,2019-05-20 10:34:09,Bangalore,India
2549,MasterCard,www.flipkart.com,Desktop Computer,355.96,2019-05-20 15:50:27,Jerusalem,Israel
2550,Visa,www.snapdeal.com,Pen Drive,32.99,2019-05-20 01:06:02,New York City,United States
2551,Maestro,www.amazon.com,HDMI Cable,236.90,2019-05-20 12:45:41,Bangkok,Thailand
2552,MasterCard,www.ebay.com,Wrist Watch,206.43,2019-05-20 05:49:18,Paris,France
2553,Visa,www.snapdeal.com,TV Stand,107.83,2019-05-20 07:38:01,Singapore,Singapore
2554,Maestro,www.amazon.com,Mobile Phone,443.28,2019-05-20 00:46:38,Kolkata,India
2555,Visa,www.amazon.com,HDMI Cable,481.65,2019-05-20 18:48:09,Bangkok,Thailand
2556,MasterCard,www.ebay.com,TV,409.13,2019-05-20 19:16:33,Chennai,India
2557,Maestro,www.flipkart.com,HDMI Cable,545.58,2019-05-20 06:31:21,Chennai,India
2558,Maestro,www.flipkart.com,Wrist Watch,51.07,2019-05-20 02:40:16,Kolkata,India
2559,Maestro,www.flipkart.com,Wrist Band,158.92,2019-05-20 01:45:19,Paris,France
2560,Maestro,www.amazon.com,External Hard Drive,79.46,2019-05-20 00:06:50,New Delhi,Inida
2561,Maestro,www.snapdeal.com,HDMI Cable,473.83,2019-05-20 02:05:16,New Delhi,Inida
2562,MasterCard,www.ebay.com,Pen Drive,543.65,2019-05-20 22:20:32,Jerusalem,Israel
2563,Maestro,www.ebay.com,Mobile Phone,178.59,2019-05-20 23:58:58,New Delhi,Inida
2564,Visa,www.snapdeal.com,External Hard Drive,383.28,2019-05-20 01:52:51,Bangalore,India
2565,MasterCard,www.snapdeal.com,Pen Drive,376.55,2019-05-20 15:52:45,Mumbai,India
2566,MasterCard,www.ebay.com,Text Books,243.62,2019-05-20 20:29:37,Jerusalem,Israel
2567,Visa,www.snapdeal.com,HDMI Cable,443.72,2019-05-20 03:45:01,Chennai,India
2568,MasterCard,www.snapdeal.com,HDMI Cable,449.97,2019-05-20 13:20:53,London,United Kingdom
2569,Maestro,www.snapdeal.com,Laptop,471.46,2019-05-20 02:22:40,Chennai,India
2570,Visa,www.snapdeal.com,TV,231.27,2019-05-20 05:50:01,Kolkata,India
2571,Maestro,www.flipkart.com,Wrist Band,195.43,2019-05-20 19:39:44,Bangkok,Thailand
2572,Visa,www.snapdeal.com,HDMI Cable,59.75,2019-05-20 01:19:34,Chennai,India
2573,MasterCard,www.flipkart.com,Wrist Watch,205.38,2019-05-20 21:38:34,New Delhi,Inida
2574,MasterCard,www.flipkart.com,HDMI Cable,303.34,2019-05-20 01:38:20,Kolkata,India
2575,MasterCard,www.snapdeal.com,Wrist Band,448.57,2019-05-20 04:46:33,New York City,United States
2576,Maestro,www.flipkart.com,LAN Cable,352.93,2019-05-20 21:37:15,Mumbai,India
2577,MasterCard,www.ebay.com,Text Books,204.68,2019-05-20 09:30:32,New Delhi,Inida
2578,Maestro,www.snapdeal.com,Wrist Watch,301.58,2019-05-20 13:30:16,Kolkata,India
2579,Visa,www.snapdeal.com,LAN Cable,470.18,2019-05-20 22:33:20,Mumbai,India
2580,Maestro,www.snapdeal.com,Desktop Computer,397.52,2019-05-20 11:40:55,Bangalore,India
2581,MasterCard,www.snapdeal.com,LAN Cable,493.81,2019-05-20 18:25:57,Jerusalem,Israel
2582,MasterCard,www.snapdeal.com,Desktop Computer,375.05,2019-05-20 04:53:41,New Delhi,Inida
2583,MasterCard,www.ebay.com,LAN Cable,258.52,2019-05-20 17:57:46,Bangalore,India
2584,Visa,www.snapdeal.com,External Hard Drive,444.57,2019-05-20 11:56:24,Singapore,Singapore
2585,Maestro,www.ebay.com,Desktop Computer,282.92,2019-05-20 08:40:23,Hyderabad,India
2586,Visa,www.ebay.com,Text Books,357.26,2019-05-20 05:36:00,Kolkata,India
2587,MasterCard,www.snapdeal.com,External Hard Drive,132.98,2019-05-20 05:49:18,New York City,United States
2588,MasterCard,www.flipkart.com,External Hard Drive,270.27,2019-05-20 11:50:37,Bangkok,Thailand
2589,Maestro,www.amazon.com,Desktop Computer,116.60,2019-05-20 09:20:14,Jerusalem,Israel
2590,Maestro,www.ebay.com,TV,124.38,2019-05-20 19:20:13,Rome,Italy
2591,MasterCard,www.snapdeal.com,Mobile Phone,409.56,2019-05-20 10:54:39,New Delhi,Inida
2592,Maestro,www.amazon.com,HDMI Cable,121.72,2019-05-20 17:40:12,Bangalore,India
2593,Visa,www.ebay.com,Pen Drive,547.89,2019-05-20 12:34:53,Singapore,Singapore
2594,MasterCard,www.snapdeal.com,HDMI Cable,316.83,2019-05-20 19:33:28,Chennai,India
2595,Maestro,www.flipkart.com,Wrist Watch,87.23,2019-05-20 13:11:53,London,United Kingdom
2596,Visa,www.amazon.com,Text Books,91.74,2019-05-20 00:27:57,New York City,United States
2597,Visa,www.snapdeal.com,Laptop,203.02,2019-05-20 05:04:18,Chennai,India
2598,Visa,www.flipkart.com,Wrist Band,202.84,2019-05-20 03:48:22,New York City,United States
2599,Visa,www.ebay.com,External Hard Drive,260.94,2019-05-20 19:06:49,Mumbai,India
2600,Visa,www.snapdeal.com,External Hard Drive,432.93,2019-05-20 02:11:56,Hyderabad,India
2601,Visa,www.snapdeal.com,Wrist Band,277.94,2019-05-20 07:47:48,Jerusalem,Israel
2602,Visa,www.flipkart.com,LAN Cable,483.66,2019-05-20 14:30:09,Hyderabad,India
2603,MasterCard,www.flipkart.com,External Hard Drive,97.21,2019-05-20 22:40:49,Rome,Italy
2604,Visa,www.snapdeal.com,Pen Drive,129.03,2019-05-20 00:39:19,Pune,India
2605,Visa,www.ebay.com,Wrist Watch,394.25,2019-05-20 10:54:47,Rome,Italy
2606,MasterCard,www.amazon.com,Mobile Phone,268.85,2019-05-20 01:07:07,Rome,Italy
2607,Visa,www.snapdeal.com,Laptop,536.32,2019-05-20 23:45:29,Singapore,Singapore
2608,MasterCard,www.ebay.com,HDMI Cable,311.06,2019-05-20 05:55:25,Paris,France
2609,MasterCard,www.ebay.com,Wrist Watch,484.04,2019-05-20 12:27:30,Pune,India
2610,Maestro,www.flipkart.com,External Hard Drive,19.41,2019-05-20 15:44:27,Mumbai,India
2611,Maestro,www.flipkart.com,TV,461.48,2019-05-20 16:06:55,Paris,France
2612,MasterCard,www.snapdeal.com,HDMI Cable,530.39,2019-05-20 07:53:41,New York City,United States
2613,Maestro,www.amazon.com,TV,495.89,2019-05-20 23:59:06,London,United Kingdom
2614,Maestro,www.ebay.com,Text Books,101.05,2019-05-20 22:53:26,Paris,France
2615,Visa,www.snapdeal.com,LAN Cable,283.44,2019-05-20 19:38:00,Hyderabad,India
2616,Maestro,www.amazon.com,External Hard Drive,133.10,2019-05-20 09:08:08,New Delhi,Inida
2617,Maestro,www.snapdeal.com,TV,405.80,2019-05-20 06:19:19,Singapore,Singapore
2618,MasterCard,www.amazon.com,Text Books,328.31,2019-05-20 07:06:16,London,United Kingdom
2619,MasterCard,www.snapdeal.com,Mobile Phone,376.58,2019-05-20 15:18:39,Mumbai,India
2620,MasterCard,www.snapdeal.com,TV,493.88,2019-05-20 18:12:13,Chennai,India
2621,MasterCard,www.amazon.com,LAN Cable,342.70,2019-05-20 01:02:28,Pune,India
2622,MasterCard,www.snapdeal.com,Mobile Phone,490.66,2019-05-20 11:57:51,Kolkata,India
2623,MasterCard,www.flipkart.com,Text Books,265.41,2019-05-20 08:17:04,New Delhi,Inida
2624,MasterCard,www.flipkart.com,TV,501.70,2019-05-20 15:34:57,Kolkata,India
2625,MasterCard,www.snapdeal.com,TV,432.86,2019-05-20 09:27:58,New Delhi,Inida
2626,Visa,www.ebay.com,Wrist Band,469.10,2019-05-20 05:24:45,Bangkok,Thailand
2627,Visa,www.ebay.com,Mobile Phone,153.55,2019-05-20 00:30:04,Pune,India
2628,MasterCard,www.snapdeal.com,LAN Cable,546.56,2019-05-20 18:10:55,New Delhi,Inida
2629,Maestro,www.amazon.com,LAN Cable,248.53,2019-05-20 15:47:06,Bangkok,Thailand
2630,Maestro,www.amazon.com,Mobile Phone,114.65,2019-05-20 12:33:31,Jerusalem,Israel
2631,Visa,www.amazon.com,Wrist Watch,129.52,2019-05-20 16:16:28,Mumbai,India
2632,Visa,www.amazon.com,Laptop,56.10,2019-05-20 14:56:09,Mumbai,India
2633,Maestro,www.amazon.com,Wrist Band,138.65,2019-05-20 10:57:11,Kolkata,India
2634,MasterCard,www.amazon.com,LAN Cable,18.85,2019-05-20 03:43:39,Kolkata,India
2635,Maestro,www.snapdeal.com,Mobile Phone,66.40,2019-05-20 06:05:24,Jerusalem,Israel
2636,Maestro,www.amazon.com,LAN Cable,410.29,2019-05-20 21:41:10,Singapore,Singapore
2637,Maestro,www.snapdeal.com,External Hard Drive,273.34,2019-05-20 13:15:47,London,United Kingdom
2638,Visa,www.flipkart.com,Laptop,215.69,2019-05-20 22:50:46,New York City,United States
2639,MasterCard,www.amazon.com,HDMI Cable,356.94,2019-05-20 11:53:59,Bangalore,India
2640,MasterCard,www.flipkart.com,Desktop Computer,86.43,2019-05-20 07:39:11,London,United Kingdom
2641,Maestro,www.ebay.com,HDMI Cable,514.74,2019-05-20 21:43:23,Rome,Italy
2642,MasterCard,www.flipkart.com,TV Stand,536.09,2019-05-20 06:37:55,Rome,Italy
2643,Maestro,www.flipkart.com,Wrist Watch,250.43,2019-05-20 12:06:12,Paris,France
2644,Visa,www.amazon.com,HDMI Cable,275.66,2019-05-20 04:13:48,Rome,Italy
2645,MasterCard,www.snapdeal.com,Desktop Computer,159.37,2019-05-20 07:58:02,Paris,France
2646,Maestro,www.amazon.com,TV Stand,354.62,2019-05-20 14:35:40,Rome,Italy
2647,Visa,www.ebay.com,Wrist Watch,531.21,2019-05-20 11:23:21,Jerusalem,Israel
2648,MasterCard,www.amazon.com,Wrist Band,400.06,2019-05-20 12:02:35,Bangalore,India
2649,Visa,www.flipkart.com,Wrist Band,354.30,2019-05-20 17:12:09,Hyderabad,India
2650,MasterCard,www.flipkart.com,LAN Cable,421.16,2019-05-20 22:26:35,Mumbai,India
2651,MasterCard,www.snapdeal.com,Laptop,247.81,2019-05-20 16:44:25,Paris,France
2652,MasterCard,www.snapdeal.com,Pen Drive,48.16,2019-05-20 19:23:45,Chennai,India
2653,MasterCard,www.flipkart.com,TV,480.10,2019-05-20 03:39:05,Bangkok,Thailand
2654,Maestro,www.flipkart.com,Wrist Watch,123.39,2019-05-20 18:31:52,Mumbai,India
2655,Maestro,www.flipkart.com,TV,525.16,2019-05-20 19:34:07,Hyderabad,India
2656,MasterCard,www.flipkart.com,Wrist Watch,125.81,2019-05-20 03:19:56,Kolkata,India
2657,MasterCard,www.flipkart.com,Text Books,261.28,2019-05-20 08:20:57,Hyderabad,India
2658,Visa,www.flipkart.com,HDMI Cable,327.16,2019-05-20 20:40:13,Jerusalem,Israel
2659,MasterCard,www.ebay.com,Text Books,90.07,2019-05-20 15:38:27,Pune,India
2660,Maestro,www.amazon.com,TV Stand,126.76,2019-05-20 01:16:08,Singapore,Singapore
2661,MasterCard,www.flipkart.com,External Hard Drive,236.46,2019-05-20 18:17:34,Hyderabad,India
2662,Maestro,www.amazon.com,Text Books,124.48,2019-05-20 04:09:27,Chennai,India
2663,MasterCard,www.ebay.com,Desktop Computer,222.87,2019-05-20 05:49:22,New Delhi,Inida
2664,MasterCard,www.amazon.com,HDMI Cable,118.98,2019-05-20 19:14:51,Chennai,India
2665,Maestro,www.snapdeal.com,Desktop Computer,230.60,2019-05-20 17:02:55,Rome,Italy
2666,MasterCard,www.ebay.com,Desktop Computer,545.81,2019-05-20 03:19:48,Bangkok,Thailand
2667,MasterCard,www.ebay.com,TV Stand,538.62,2019-05-20 21:16:05,Singapore,Singapore
2668,MasterCard,www.amazon.com,Desktop Computer,85.47,2019-05-20 11:46:26,Bangalore,India
2669,Maestro,www.amazon.com,Pen Drive,325.74,2019-05-20 17:56:53,London,United Kingdom
2670,Visa,www.amazon.com,TV,175.21,2019-05-20 13:03:43,Mumbai,India
2671,Maestro,www.amazon.com,External Hard Drive,378.47,2019-05-20 01:46:58,Rome,Italy
2672,Maestro,www.ebay.com,Desktop Computer,193.57,2019-05-20 10:27:03,Bangkok,Thailand
2673,Visa,www.flipkart.com,Laptop,108.21,2019-05-20 18:12:12,London,United Kingdom
2674,Visa,www.ebay.com,Wrist Band,95.65,2019-05-20 09:19:04,Kolkata,India
2675,Visa,www.flipkart.com,TV,548.27,2019-05-20 06:56:14,Pune,India
2676,Maestro,www.snapdeal.com,Wrist Band,370.66,2019-05-20 10:03:06,Pune,India
2677,MasterCard,www.ebay.com,Text Books,234.12,2019-05-20 16:46:08,Hyderabad,India
2678,MasterCard,www.ebay.com,Wrist Band,427.99,2019-05-20 16:57:11,Paris,France
2679,Maestro,www.flipkart.com,LAN Cable,460.68,2019-05-20 03:34:58,Singapore,Singapore
2680,Visa,www.ebay.com,HDMI Cable,164.96,2019-05-20 08:10:48,Bangkok,Thailand
2681,MasterCard,www.flipkart.com,Laptop,36.55,2019-05-20 19:35:05,Singapore,Singapore
2682,Maestro,www.amazon.com,Pen Drive,329.93,2019-05-20 12:59:14,New York City,United States
2683,MasterCard,www.flipkart.com,Desktop Computer,101.10,2019-05-20 16:44:27,New York City,United States
2684,Visa,www.snapdeal.com,Mobile Phone,59.19,2019-05-20 20:36:58,Bangkok,Thailand
2685,MasterCard,www.flipkart.com,LAN Cable,474.78,2019-05-20 04:57:46,Jerusalem,Israel
2686,Visa,www.flipkart.com,Pen Drive,490.04,2019-05-20 06:44:41,London,United Kingdom
2687,MasterCard,www.snapdeal.com,Text Books,222.74,2019-05-20 22:56:35,Bangkok,Thailand
2688,Maestro,www.snapdeal.com,External Hard Drive,223.55,2019-05-20 15:39:00,Rome,Italy
2689,Visa,www.ebay.com,TV Stand,172.35,2019-05-20 17:38:33,London,United Kingdom
2690,MasterCard,www.amazon.com,TV,20.40,2019-05-20 15:31:46,Chennai,India
2691,MasterCard,www.snapdeal.com,HDMI Cable,478.92,2019-05-20 17:14:54,Rome,Italy
2692,Maestro,www.flipkart.com,External Hard Drive,25.09,2019-05-20 19:12:25,Hyderabad,India
2693,MasterCard,www.ebay.com,External Hard Drive,89.64,2019-05-20 20:12:53,Jerusalem,Israel
2694,MasterCard,www.snapdeal.com,External Hard Drive,512.30,2019-05-20 14:13:22,Mumbai,India
2695,Visa,www.ebay.com,Pen Drive,434.43,2019-05-20 22:20:09,Hyderabad,India
2696,Maestro,www.flipkart.com,Wrist Band,268.64,2019-05-20 00:36:52,Paris,France
2697,Visa,www.flipkart.com,LAN Cable,424.30,2019-05-20 08:21:57,New Delhi,Inida
2698,Visa,www.snapdeal.com,Pen Drive,381.80,2019-05-20 07:11:22,Bangkok,Thailand
2699,Maestro,www.flipkart.com,TV,256.58,2019-05-20 04:37:55,Kolkata,India
2700,Visa,www.flipkart.com,LAN Cable,453.57,2019-05-20 22:34:54,Singapore,Singapore
2701,Maestro,www.flipkart.com,Desktop Computer,298.71,2019-05-20 23:06:51,Pune,India
2702,MasterCard,www.amazon.com,Pen Drive,229.63,2019-05-20 23:23:59,Hyderabad,India
2703,MasterCard,www.ebay.com,Text Books,207.50,2019-05-20 04:28:49,Singapore,Singapore
2704,Visa,www.flipkart.com,HDMI Cable,44.55,2019-05-20 20:49:13,Singapore,Singapore
2705,Visa,www.amazon.com,TV Stand,94.52,2019-05-20 00:16:27,Jerusalem,Israel
2706,Maestro,www.amazon.com,Desktop Computer,480.60,2019-05-20 22:36:38,Hyderabad,India
2707,Visa,www.ebay.com,Text Books,215.86,2019-05-20 05:48:31,Jerusalem,Israel
2708,Visa,www.amazon.com,HDMI Cable,537.12,2019-05-20 08:04:07,Rome,Italy
2709,Maestro,www.amazon.com,External Hard Drive,84.54,2019-05-20 09:01:41,Chennai,India
2710,Maestro,www.snapdeal.com,TV Stand,43.43,2019-05-20 19:42:54,Chennai,India
2711,MasterCard,www.amazon.com,LAN Cable,336.31,2019-05-20 17:32:46,Pune,India
2712,MasterCard,www.snapdeal.com,Laptop,179.20,2019-05-20 12:05:42,Singapore,Singapore
2713,Maestro,www.flipkart.com,TV,412.43,2019-05-20 15:02:22,Pune,India
2714,Maestro,www.amazon.com,Text Books,439.66,2019-05-20 06:47:54,Bangalore,India
2715,Visa,www.amazon.com,Wrist Watch,184.07,2019-05-20 11:00:54,London,United Kingdom
2716,Maestro,www.ebay.com,Laptop,278.99,2019-05-20 04:54:23,Rome,Italy
2717,Maestro,www.flipkart.com,External Hard Drive,200.56,2019-05-20 08:02:13,Chennai,India
2718,MasterCard,www.flipkart.com,TV Stand,56.91,2019-05-20 01:14:44,Hyderabad,India
2719,MasterCard,www.amazon.com,Pen Drive,18.51,2019-05-20 06:08:54,Singapore,Singapore
2720,Maestro,www.ebay.com,External Hard Drive,491.78,2019-05-20 20:29:17,Chennai,India
2721,Maestro,www.amazon.com,HDMI Cable,311.36,2019-05-20 20:15:25,Bangkok,Thailand
2722,Visa,www.amazon.com,Mobile Phone,106.66,2019-05-20 14:53:36,Mumbai,India
2723,Visa,www.ebay.com,Mobile Phone,283.04,2019-05-20 18:40:33,London,United Kingdom
2724,Visa,www.amazon.com,Desktop Computer,445.64,2019-05-20 05:12:39,Hyderabad,India
2725,MasterCard,www.flipkart.com,Text Books,351.95,2019-05-20 17:38:24,Hyderabad,India
2726,MasterCard,www.amazon.com,LAN Cable,31.81,2019-05-20 02:08:52,Chennai,India
2727,MasterCard,www.amazon.com,TV Stand,381.91,2019-05-20 06:16:56,Paris,France
2728,Maestro,www.amazon.com,Pen Drive,377.05,2019-05-20 21:47:46,London,United Kingdom
2729,MasterCard,www.amazon.com,Laptop,329.52,2019-05-20 00:48:11,Chennai,India
2730,Visa,www.snapdeal.com,Wrist Band,173.04,2019-05-20 01:08:42,Mumbai,India
2731,Visa,www.snapdeal.com,Mobile Phone,335.35,2019-05-20 14:20:41,Pune,India
2732,Visa,www.ebay.com,Pen Drive,388.38,2019-05-20 19:27:33,New York City,United States
2733,Visa,www.ebay.com,Pen Drive,335.88,2019-05-20 13:59:48,Pune,India
2734,MasterCard,www.flipkart.com,HDMI Cable,359.08,2019-05-20 12:13:21,New Delhi,Inida
2735,Maestro,www.amazon.com,Laptop,179.95,2019-05-20 12:57:07,Pune,India
2736,Visa,www.amazon.com,Text Books,205.11,2019-05-20 15:47:01,Bangalore,India
2737,Visa,www.snapdeal.com,HDMI Cable,220.81,2019-05-20 06:42:29,Hyderabad,India
2738,Visa,www.amazon.com,Pen Drive,362.69,2019-05-20 15:03:46,New Delhi,Inida
2739,Maestro,www.flipkart.com,TV,207.80,2019-05-20 05:52:41,Chennai,India
2740,MasterCard,www.ebay.com,External Hard Drive,117.41,2019-05-20 03:36:40,Paris,France
2741,MasterCard,www.amazon.com,Mobile Phone,257.19,2019-05-20 06:31:38,Rome,Italy
2742,Visa,www.amazon.com,Text Books,261.86,2019-05-20 09:44:48,New York City,United States
2743,Visa,www.snapdeal.com,Laptop,521.45,2019-05-20 17:22:52,Kolkata,India
2744,Visa,www.snapdeal.com,External Hard Drive,430.25,2019-05-20 08:24:40,Pune,India
2745,Visa,www.flipkart.com,Pen Drive,122.61,2019-05-20 17:53:43,Paris,France
2746,Maestro,www.flipkart.com,Desktop Computer,297.93,2019-05-20 13:24:11,Chennai,India
2747,Maestro,www.snapdeal.com,Laptop,127.66,2019-05-20 10:42:58,Paris,France
2748,Visa,www.amazon.com,Desktop Computer,70.48,2019-05-20 11:21:37,Mumbai,India
2749,MasterCard,www.ebay.com,HDMI Cable,80.53,2019-05-20 01:14:48,Pune,India
2750,MasterCard,www.amazon.com,TV,67.71,2019-05-20 18:34:16,Bangkok,Thailand
2751,MasterCard,www.snapdeal.com,Desktop Computer,8.55,2019-05-20 08:34:17,New Delhi,Inida
2752,MasterCard,www.amazon.com,External Hard Drive,242.23,2019-05-20 13:45:49,London,United Kingdom
2753,MasterCard,www.ebay.com,Laptop,280.51,2019-05-20 01:46:22,Jerusalem,Israel
2754,Maestro,www.ebay.com,Pen Drive,117.33,2019-05-20 10:48:20,Hyderabad,India
2755,Maestro,www.amazon.com,Desktop Computer,373.76,2019-05-20 23:29:21,Paris,France
2756,Maestro,www.flipkart.com,Wrist Band,63.51,2019-05-20 20:41:27,Singapore,Singapore
2757,MasterCard,www.flipkart.com,Mobile Phone,290.70,2019-05-20 21:19:28,Mumbai,India
2758,Maestro,www.flipkart.com,Pen Drive,259.22,2019-05-20 17:02:27,Mumbai,India
2759,Visa,www.amazon.com,Pen Drive,209.36,2019-05-20 14:30:29,Jerusalem,Israel
2760,Visa,www.flipkart.com,Text Books,495.79,2019-05-20 18:11:16,Kolkata,India
2761,Maestro,www.ebay.com,Wrist Band,125.48,2019-05-20 11:34:44,Mumbai,India
2762,Visa,www.ebay.com,HDMI Cable,190.71,2019-05-20 14:17:17,Jerusalem,Israel
2763,MasterCard,www.snapdeal.com,TV Stand,161.20,2019-05-20 15:36:15,New Delhi,Inida
2764,Visa,www.ebay.com,Laptop,309.05,2019-05-20 08:29:24,Kolkata,India
2765,Maestro,www.amazon.com,Wrist Band,430.57,2019-05-20 06:44:14,Chennai,India
2766,Maestro,www.snapdeal.com,Wrist Watch,458.25,2019-05-20 08:36:15,Pune,India
2767,MasterCard,www.snapdeal.com,Desktop Computer,295.16,2019-05-20 19:13:34,New York City,United States
2768,Visa,www.amazon.com,Wrist Watch,392.75,2019-05-20 03:31:32,Kolkata,India
2769,MasterCard,www.flipkart.com,Wrist Band,308.18,2019-05-20 20:10:12,New Delhi,Inida
2770,Maestro,www.snapdeal.com,LAN Cable,490.33,2019-05-20 22:21:20,Paris,France
2771,MasterCard,www.amazon.com,Laptop,214.64,2019-05-20 08:18:03,Hyderabad,India
2772,Maestro,www.ebay.com,LAN Cable,147.14,2019-05-20 09:54:03,Singapore,Singapore
2773,MasterCard,www.amazon.com,Wrist Band,326.59,2019-05-20 23:46:13,Chennai,India
2774,Maestro,www.snapdeal.com,TV Stand,71.99,2019-05-20 08:48:56,London,United Kingdom
2775,MasterCard,www.snapdeal.com,TV,437.38,2019-05-20 22:43:10,Paris,France
2776,Maestro,www.amazon.com,Wrist Watch,461.07,2019-05-20 02:42:54,New Delhi,Inida
2777,Visa,www.flipkart.com,Mobile Phone,545.39,2019-05-20 08:59:39,Kolkata,India
2778,Maestro,www.flipkart.com,TV,356.04,2019-05-20 19:58:51,New Delhi,Inida
2779,Maestro,www.flipkart.com,Mobile Phone,387.73,2019-05-20 01:55:35,Jerusalem,Israel
2780,Visa,www.ebay.com,Wrist Watch,546.73,2019-05-20 13:03:39,Paris,France
2781,Visa,www.ebay.com,HDMI Cable,238.28,2019-05-20 11:29:39,Hyderabad,India
2782,MasterCard,www.amazon.com,External Hard Drive,446.96,2019-05-20 18:22:09,Singapore,Singapore
2783,Visa,www.flipkart.com,Wrist Band,300.39,2019-05-20 21:43:54,Chennai,India
2784,Maestro,www.amazon.com,TV Stand,412.63,2019-05-20 09:18:57,New Delhi,Inida
2785,Visa,www.amazon.com,TV,15.83,2019-05-20 03:25:00,Pune,India
2786,Maestro,www.snapdeal.com,TV,220.15,2019-05-20 06:58:44,New Delhi,Inida
2787,Maestro,www.flipkart.com,Text Books,449.59,2019-05-20 19:44:55,Mumbai,India
2788,Visa,www.ebay.com,Text Books,444.39,2019-05-20 08:53:28,Bangkok,Thailand
2789,Maestro,www.flipkart.com,Mobile Phone,81.20,2019-05-20 09:45:33,Singapore,Singapore
2790,MasterCard,www.flipkart.com,Desktop Computer,506.36,2019-05-20 13:49:20,Bangalore,India
2791,Maestro,www.flipkart.com,Text Books,216.15,2019-05-20 18:56:00,Bangkok,Thailand
2792,Visa,www.ebay.com,Laptop,274.55,2019-05-20 03:53:31,New York City,United States
2793,Maestro,www.flipkart.com,Wrist Band,512.97,2019-05-20 09:09:10,Pune,India
2794,Visa,www.ebay.com,Text Books,464.76,2019-05-20 20:00:19,Hyderabad,India
2795,MasterCard,www.snapdeal.com,Pen Drive,506.55,2019-05-20 01:41:58,London,United Kingdom
2796,Visa,www.snapdeal.com,Desktop Computer,210.33,2019-05-20 14:59:33,London,United Kingdom
2797,Maestro,www.amazon.com,Laptop,509.36,2019-05-20 05:52:13,Kolkata,India
2798,Maestro,www.ebay.com,Laptop,157.89,2019-05-20 09:14:04,Chennai,India
2799,Visa,www.ebay.com,Pen Drive,282.74,2019-05-20 07:17:02,Paris,France
2800,Maestro,www.snapdeal.com,External Hard Drive,220.30,2019-05-20 05:17:08,Hyderabad,India
2801,Maestro,www.ebay.com,Laptop,236.38,2019-05-20 18:13:36,New York City,United States
2802,Visa,www.snapdeal.com,HDMI Cable,350.58,2019-05-20 11:32:46,Bangalore,India
2803,MasterCard,www.amazon.com,Text Books,46.61,2019-05-20 16:34:46,London,United Kingdom
2804,MasterCard,www.ebay.com,External Hard Drive,303.62,2019-05-20 22:24:43,Bangalore,India
2805,Maestro,www.ebay.com,LAN Cable,21.56,2019-05-20 23:30:47,New York City,United States
2806,Maestro,www.flipkart.com,Desktop Computer,251.58,2019-05-20 11:22:09,London,United Kingdom
2807,Maestro,www.ebay.com,Desktop Computer,35.76,2019-05-20 07:57:40,London,United Kingdom
2808,Visa,www.snapdeal.com,HDMI Cable,450.04,2019-05-20 17:37:28,Jerusalem,Israel
2809,MasterCard,www.flipkart.com,Wrist Band,552.66,2019-05-20 08:21:50,Pune,India
2810,MasterCard,www.snapdeal.com,TV,143.34,2019-05-20 20:38:52,Mumbai,India
2811,Visa,www.ebay.com,HDMI Cable,520.05,2019-05-20 10:43:09,New York City,United States
2812,Maestro,www.amazon.com,LAN Cable,162.41,2019-05-20 20:14:32,Jerusalem,Israel
2813,Maestro,www.snapdeal.com,Wrist Band,398.36,2019-05-20 22:09:30,New Delhi,Inida
2814,Visa,www.ebay.com,TV,225.82,2019-05-20 14:00:19,Chennai,India
2815,Visa,www.amazon.com,Wrist Band,345.00,2019-05-20 03:21:09,Rome,Italy
2816,Visa,www.flipkart.com,Pen Drive,437.38,2019-05-20 07:21:17,New York City,United States
2817,Maestro,www.amazon.com,Pen Drive,501.71,2019-05-20 16:07:45,Kolkata,India
2818,Visa,www.ebay.com,Wrist Watch,289.25,2019-05-20 10:23:29,New York City,United States
2819,Maestro,www.snapdeal.com,Desktop Computer,182.34,2019-05-20 22:11:59,Kolkata,India
2820,MasterCard,www.amazon.com,TV,344.42,2019-05-20 19:18:23,New Delhi,Inida
2821,Maestro,www.flipkart.com,Wrist Watch,164.99,2019-05-20 21:48:24,Jerusalem,Israel
2822,Visa,www.flipkart.com,Desktop Computer,494.92,2019-05-20 02:17:23,Hyderabad,India
2823,MasterCard,www.amazon.com,Pen Drive,208.31,2019-05-20 19:49:30,Paris,France
2824,Maestro,www.flipkart.com,External Hard Drive,527.00,2019-05-20 10:09:10,Rome,Italy
2825,MasterCard,www.amazon.com,Pen Drive,158.46,2019-05-20 16:48:06,New Delhi,Inida
2826,Maestro,www.amazon.com,HDMI Cable,466.28,2019-05-20 18:08:29,Singapore,Singapore
2827,Visa,www.ebay.com,TV Stand,107.53,2019-05-20 20:35:59,Bangkok,Thailand
2828,Maestro,www.flipkart.com,Text Books,328.20,2019-05-20 14:49:07,Singapore,Singapore
2829,Maestro,www.flipkart.com,TV Stand,418.99,2019-05-20 14:51:53,New Delhi,Inida
2830,MasterCard,www.snapdeal.com,TV Stand,193.49,2019-05-20 05:21:31,Kolkata,India
2831,MasterCard,www.amazon.com,Wrist Band,497.06,2019-05-20 12:29:39,Bangkok,Thailand
2832,Maestro,www.snapdeal.com,Wrist Band,101.25,2019-05-20 02:32:26,Kolkata,India
2833,MasterCard,www.flipkart.com,Laptop,469.78,2019-05-20 01:30:34,Paris,France
2834,Visa,www.amazon.com,Mobile Phone,393.40,2019-05-20 10:02:43,Hyderabad,India
2835,Maestro,www.snapdeal.com,LAN Cable,367.87,2019-05-20 03:32:20,Hyderabad,India
2836,MasterCard,www.ebay.com,Text Books,315.35,2019-05-20 00:07:16,Kolkata,India
2837,Visa,www.ebay.com,TV Stand,258.54,2019-05-20 11:13:11,Jerusalem,Israel
2838,Visa,www.flipkart.com,Laptop,189.79,2019-05-20 17:10:12,Pune,India
2839,MasterCard,www.amazon.com,Wrist Watch,195.23,2019-05-20 23:45:15,Bangkok,Thailand
2840,MasterCard,www.flipkart.com,Text Books,88.55,2019-05-20 19:40:14,Singapore,Singapore
2841,MasterCard,www.ebay.com,Text Books,219.16,2019-05-20 03:23:16,Singapore,Singapore
2842,Visa,www.amazon.com,Wrist Band,466.87,2019-05-20 01:17:20,Bangkok,Thailand
2843,Visa,www.amazon.com,Wrist Band,161.22,2019-05-20 23:16:34,New Delhi,Inida
2844,Maestro,www.ebay.com,TV Stand,147.74,2019-05-20 03:26:26,Mumbai,India
2845,Visa,www.snapdeal.com,External Hard Drive,62.97,2019-05-20 04:52:11,Paris,France
2846,MasterCard,www.ebay.com,HDMI Cable,472.11,2019-05-20 03:05:33,Pune,India
2847,Maestro,www.flipkart.com,Text Books,489.87,2019-05-20 22:55:51,Chennai,India
2848,Visa,www.amazon.com,Desktop Computer,251.39,2019-05-20 22:58:15,Paris,France
2849,MasterCard,www.amazon.com,HDMI Cable,460.75,2019-05-20 05:18:20,Bangalore,India
2850,Visa,www.ebay.com,HDMI Cable,295.88,2019-05-20 01:38:23,Bangkok,Thailand
2851,Maestro,www.snapdeal.com,Text Books,12.98,2019-05-20 20:03:24,Kolkata,India
2852,Maestro,www.ebay.com,Text Books,197.78,2019-05-20 17:52:28,Kolkata,India
2853,MasterCard,www.flipkart.com,TV,222.87,2019-05-20 19:50:47,Jerusalem,Israel
2854,MasterCard,www.snapdeal.com,Wrist Watch,253.70,2019-05-20 07:26:01,Hyderabad,India
2855,MasterCard,www.flipkart.com,Text Books,224.00,2019-05-20 06:02:41,Jerusalem,Israel
2856,MasterCard,www.amazon.com,External Hard Drive,409.32,2019-05-20 23:01:17,Pune,India
2857,Maestro,www.ebay.com,Pen Drive,545.52,2019-05-20 13:55:52,Mumbai,India
2858,MasterCard,www.ebay.com,Mobile Phone,279.94,2019-05-20 03:14:29,Jerusalem,Israel
2859,MasterCard,www.ebay.com,Wrist Watch,115.96,2019-05-20 08:07:26,Pune,India
2860,MasterCard,www.flipkart.com,Wrist Watch,553.45,2019-05-20 05:46:19,Paris,France
2861,MasterCard,www.amazon.com,Pen Drive,388.00,2019-05-20 10:46:05,New York City,United States
2862,MasterCard,www.amazon.com,Wrist Watch,262.89,2019-05-20 13:51:37,Mumbai,India
2863,MasterCard,www.snapdeal.com,Wrist Watch,431.26,2019-05-20 10:10:16,New York City,United States
2864,MasterCard,www.ebay.com,TV,386.33,2019-05-20 14:49:19,London,United Kingdom
2865,MasterCard,www.amazon.com,Wrist Watch,379.81,2019-05-20 07:03:18,Singapore,Singapore
2866,Visa,www.ebay.com,Desktop Computer,329.62,2019-05-20 12:02:04,Jerusalem,Israel
2867,Visa,www.flipkart.com,TV Stand,294.53,2019-05-20 17:57:14,Bangalore,India
2868,MasterCard,www.amazon.com,External Hard Drive,498.85,2019-05-20 03:10:51,Rome,Italy
2869,MasterCard,www.flipkart.com,Desktop Computer,178.09,2019-05-20 18:47:47,London,United Kingdom
2870,MasterCard,www.snapdeal.com,TV,382.42,2019-05-20 12:02:59,Rome,Italy
2871,Maestro,www.ebay.com,Wrist Watch,447.58,2019-05-20 16:36:31,Kolkata,India
2872,Visa,www.flipkart.com,Laptop,42.04,2019-05-20 02:16:48,Bangkok,Thailand
2873,Visa,www.ebay.com,Wrist Band,295.40,2019-05-20 07:33:24,Rome,Italy
2874,Visa,www.snapdeal.com,TV Stand,42.24,2019-05-20 01:18:20,Bangkok,Thailand
2875,Maestro,www.amazon.com,External Hard Drive,55.55,2019-05-20 01:51:03,Singapore,Singapore
2876,Maestro,www.amazon.com,LAN Cable,162.68,2019-05-20 09:25:28,Singapore,Singapore
2877,MasterCard,www.flipkart.com,Laptop,315.64,2019-05-20 08:17:41,Bangkok,Thailand
2878,Visa,www.ebay.com,Wrist Watch,532.57,2019-05-20 16:23:16,Paris,France
2879,Maestro,www.flipkart.com,TV Stand,520.37,2019-05-20 20:33:38,Pune,India
2880,MasterCard,www.flipkart.com,TV Stand,362.83,2019-05-20 20:20:25,Paris,France
2881,MasterCard,www.flipkart.com,Desktop Computer,211.73,2019-05-20 04:45:41,Bangkok,Thailand
2882,MasterCard,www.ebay.com,Mobile Phone,438.17,2019-05-20 14:21:17,Chennai,India
2883,Maestro,www.snapdeal.com,LAN Cable,225.31,2019-05-20 10:30:09,Jerusalem,Israel
2884,Maestro,www.snapdeal.com,Wrist Watch,319.85,2019-05-20 21:51:41,Singapore,Singapore
2885,Maestro,www.flipkart.com,LAN Cable,147.76,2019-05-20 07:56:45,Singapore,Singapore
2886,MasterCard,www.flipkart.com,TV,172.11,2019-05-20 07:06:41,Kolkata,India
2887,Maestro,www.ebay.com,HDMI Cable,508.32,2019-05-20 10:57:28,Hyderabad,India
2888,Visa,www.amazon.com,TV Stand,18.28,2019-05-20 01:42:09,Paris,France
2889,Visa,www.flipkart.com,Pen Drive,274.60,2019-05-20 21:42:56,Chennai,India
2890,Maestro,www.flipkart.com,HDMI Cable,377.13,2019-05-20 12:24:23,Chennai,India
2891,Maestro,www.amazon.com,Mobile Phone,175.87,2019-05-20 05:07:34,Pune,India
2892,Maestro,www.ebay.com,Mobile Phone,394.22,2019-05-20 08:13:46,London,United Kingdom
2893,MasterCard,www.amazon.com,LAN Cable,429.43,2019-05-20 19:50:47,Rome,Italy
2894,MasterCard,www.ebay.com,HDMI Cable,358.03,2019-05-20 20:25:26,Paris,France
2895,Maestro,www.snapdeal.com,External Hard Drive,193.74,2019-05-20 10:02:08,Jerusalem,Israel
2896,Maestro,www.flipkart.com,TV,283.43,2019-05-20 10:26:53,New York City,United States
2897,MasterCard,www.amazon.com,LAN Cable,263.69,2019-05-20 16:28:19,Chennai,India
2898,Maestro,www.flipkart.com,Mobile Phone,217.56,2019-05-20 01:57:56,Jerusalem,Israel
2899,MasterCard,www.flipkart.com,Laptop,400.64,2019-05-20 21:59:12,Rome,Italy
2900,MasterCard,www.amazon.com,Mobile Phone,240.51,2019-05-20 22:57:56,Jerusalem,Israel
2901,Visa,www.amazon.com,Pen Drive,473.97,2019-05-20 11:20:49,Mumbai,India
2902,MasterCard,www.ebay.com,External Hard Drive,48.28,2019-05-20 20:38:28,Pune,India
2903,Maestro,www.snapdeal.com,TV,239.52,2019-05-20 05:16:21,Paris,France
2904,Maestro,www.amazon.com,Wrist Watch,441.63,2019-05-20 12:21:36,Kolkata,India
2905,Visa,www.amazon.com,Desktop Computer,124.97,2019-05-20 01:17:55,Singapore,Singapore
2906,MasterCard,www.ebay.com,TV Stand,172.44,2019-05-20 21:01:52,Kolkata,India
2907,MasterCard,www.flipkart.com,Laptop,141.97,2019-05-20 08:12:35,Bangalore,India
2908,Visa,www.amazon.com,Mobile Phone,540.23,2019-05-20 03:10:57,London,United Kingdom
2909,Visa,www.amazon.com,Mobile Phone,7.68,2019-05-20 04:44:57,Jerusalem,Israel
2910,MasterCard,www.snapdeal.com,Desktop Computer,50.48,2019-05-20 02:06:31,Jerusalem,Israel
2911,MasterCard,www.snapdeal.com,LAN Cable,402.09,2019-05-20 02:59:00,Jerusalem,Israel
2912,MasterCard,www.amazon.com,TV Stand,122.65,2019-05-20 07:27:10,Jerusalem,Israel
2913,Maestro,www.ebay.com,Wrist Watch,540.35,2019-05-20 22:40:57,Chennai,India
2914,Maestro,www.snapdeal.com,Laptop,152.54,2019-05-20 07:41:14,Paris,France
2915,MasterCard,www.flipkart.com,Wrist Band,363.98,2019-05-20 19:08:54,Paris,France
2916,Maestro,www.snapdeal.com,External Hard Drive,369.81,2019-05-20 20:27:06,Jerusalem,Israel
2917,Visa,www.amazon.com,Desktop Computer,115.86,2019-05-20 09:02:49,Hyderabad,India
2918,Visa,www.ebay.com,Wrist Band,168.32,2019-05-20 15:03:40,Singapore,Singapore
2919,Maestro,www.snapdeal.com,External Hard Drive,305.20,2019-05-20 00:27:56,New Delhi,Inida
2920,Visa,www.snapdeal.com,Pen Drive,91.53,2019-05-20 10:59:33,Chennai,India
2921,Maestro,www.snapdeal.com,Mobile Phone,416.19,2019-05-20 01:20:58,Kolkata,India
2922,MasterCard,www.ebay.com,Mobile Phone,334.61,2019-05-20 12:14:17,Rome,Italy
2923,Maestro,www.flipkart.com,Text Books,360.45,2019-05-20 03:23:42,Mumbai,India
2924,Visa,www.snapdeal.com,Pen Drive,342.38,2019-05-20 23:10:49,New Delhi,Inida
2925,Maestro,www.amazon.com,TV,256.98,2019-05-20 12:52:10,Bangalore,India
2926,MasterCard,www.amazon.com,Text Books,79.90,2019-05-20 16:50:24,Pune,India
2927,MasterCard,www.snapdeal.com,Mobile Phone,60.41,2019-05-20 19:31:23,Rome,Italy
2928,MasterCard,www.flipkart.com,Pen Drive,131.41,2019-05-20 08:27:09,Rome,Italy
2929,MasterCard,www.amazon.com,Wrist Watch,467.61,2019-05-20 06:34:01,Bangalore,India
2930,Visa,www.ebay.com,Desktop Computer,106.51,2019-05-20 11:44:51,Chennai,India
2931,MasterCard,www.snapdeal.com,LAN Cable,188.83,2019-05-20 01:10:44,New York City,United States
2932,MasterCard,www.amazon.com,Desktop Computer,545.83,2019-05-20 02:06:48,Hyderabad,India
2933,Maestro,www.flipkart.com,Text Books,166.81,2019-05-20 14:31:44,New Delhi,Inida
2934,MasterCard,www.ebay.com,Mobile Phone,177.52,2019-05-20 06:45:05,London,United Kingdom
2935,MasterCard,www.ebay.com,TV,22.52,2019-05-20 07:52:34,Paris,France
2936,MasterCard,www.snapdeal.com,Pen Drive,346.68,2019-05-20 16:33:40,Jerusalem,Israel
2937,MasterCard,www.amazon.com,Laptop,42.35,2019-05-20 03:01:26,Chennai,India
2938,MasterCard,www.amazon.com,TV Stand,240.32,2019-05-20 04:05:02,Pune,India
2939,Visa,www.amazon.com,LAN Cable,105.29,2019-05-20 12:32:13,New Delhi,Inida
2940,MasterCard,www.amazon.com,Wrist Watch,88.01,2019-05-20 17:33:28,Paris,France
2941,MasterCard,www.amazon.com,TV,350.72,2019-05-20 04:57:38,Singapore,Singapore
2942,Maestro,www.snapdeal.com,TV,359.26,2019-05-20 04:42:34,Chennai,India
2943,Visa,www.flipkart.com,Text Books,244.09,2019-05-20 14:37:53,Mumbai,India
2944,MasterCard,www.amazon.com,External Hard Drive,332.39,2019-05-20 17:58:19,Rome,Italy
2945,MasterCard,www.amazon.com,Wrist Watch,320.67,2019-05-20 06:17:15,New Delhi,Inida
2946,Maestro,www.ebay.com,TV Stand,227.14,2019-05-20 22:04:44,Chennai,India
2947,Visa,www.snapdeal.com,HDMI Cable,309.65,2019-05-20 18:19:44,New York City,United States
2948,MasterCard,www.amazon.com,Mobile Phone,530.77,2019-05-20 07:10:37,Singapore,Singapore
2949,Maestro,www.amazon.com,TV Stand,324.26,2019-05-20 08:20:44,Bangalore,India
2950,MasterCard,www.snapdeal.com,Laptop,347.86,2019-05-20 10:13:49,Bangalore,India
2951,Maestro,www.amazon.com,Text Books,32.63,2019-05-20 02:56:12,London,United Kingdom
2952,Visa,www.amazon.com,Wrist Watch,447.94,2019-05-20 10:03:19,London,United Kingdom
2953,Maestro,www.amazon.com,TV,140.54,2019-05-20 17:21:23,Bangkok,Thailand
2954,MasterCard,www.snapdeal.com,TV,549.39,2019-05-20 09:48:54,Bangkok,Thailand
2955,MasterCard,www.amazon.com,TV Stand,267.39,2019-05-20 14:08:07,Hyderabad,India
2956,Maestro,www.snapdeal.com,Desktop Computer,78.31,2019-05-20 20:11:27,Pune,India
2957,Visa,www.flipkart.com,TV,293.80,2019-05-20 15:56:46,Chennai,India
2958,Visa,www.snapdeal.com,Pen Drive,482.00,2019-05-20 07:37:00,Kolkata,India
2959,Maestro,www.ebay.com,TV,488.50,2019-05-20 23:31:34,New Delhi,Inida
2960,MasterCard,www.flipkart.com,Mobile Phone,266.98,2019-05-20 13:16:25,Hyderabad,India
2961,Visa,www.snapdeal.com,HDMI Cable,427.14,2019-05-20 10:01:45,Jerusalem,Israel
2962,Visa,www.ebay.com,Wrist Band,160.64,2019-05-20 10:57:40,Paris,France
2963,Visa,www.amazon.com,LAN Cable,240.66,2019-05-20 16:50:55,Pune,India
2964,Maestro,www.flipkart.com,Pen Drive,87.74,2019-05-20 21:15:02,Paris,France
2965,Maestro,www.amazon.com,HDMI Cable,74.73,2019-05-20 04:46:18,Bangkok,Thailand
2966,MasterCard,www.ebay.com,HDMI Cable,369.79,2019-05-20 11:13:51,New Delhi,Inida
2967,MasterCard,www.flipkart.com,TV,36.46,2019-05-20 11:47:00,Bangalore,India
2968,MasterCard,www.flipkart.com,LAN Cable,314.25,2019-05-20 06:31:27,Rome,Italy
2969,MasterCard,www.flipkart.com,Laptop,390.43,2019-05-20 01:57:22,Hyderabad,India
2970,Visa,www.amazon.com,TV,319.86,2019-05-20 07:05:45,Singapore,Singapore
2971,Visa,www.flipkart.com,Wrist Band,348.16,2019-05-20 14:01:11,New York City,United States
2972,MasterCard,www.ebay.com,Laptop,529.67,2019-05-20 18:42:58,New Delhi,Inida
2973,Maestro,www.flipkart.com,Mobile Phone,93.39,2019-05-20 02:16:07,Mumbai,India
2974,Maestro,www.flipkart.com,LAN Cable,424.36,2019-05-20 03:32:22,Jerusalem,Israel
2975,MasterCard,www.snapdeal.com,Text Books,361.57,2019-05-20 01:23:28,Mumbai,India
2976,Visa,www.snapdeal.com,TV,531.62,2019-05-20 02:28:59,Paris,France
2977,Maestro,www.ebay.com,Laptop,216.82,2019-05-20 03:30:23,Hyderabad,India
2978,MasterCard,www.ebay.com,Wrist Band,267.93,2019-05-20 16:37:44,Singapore,Singapore
2979,MasterCard,www.ebay.com,Text Books,37.10,2019-05-20 01:02:58,London,United Kingdom
2980,Maestro,www.ebay.com,Text Books,230.16,2019-05-20 03:58:34,Paris,France
2981,Maestro,www.flipkart.com,HDMI Cable,103.42,2019-05-20 02:40:26,New York City,United States
2982,Maestro,www.snapdeal.com,Desktop Computer,93.92,2019-05-20 07:47:40,Paris,France
2983,Maestro,www.snapdeal.com,Desktop Computer,49.55,2019-05-20 04:03:02,London,United Kingdom
2984,Maestro,www.flipkart.com,Desktop Computer,32.67,2019-05-20 08:02:13,New Delhi,Inida
2985,Visa,www.flipkart.com,HDMI Cable,350.13,2019-05-20 10:37:29,Bangkok,Thailand
2986,Visa,www.snapdeal.com,TV Stand,426.63,2019-05-20 07:51:48,New Delhi,Inida
2987,MasterCard,www.flipkart.com,HDMI Cable,392.18,2019-05-20 16:12:32,Rome,Italy
2988,MasterCard,www.flipkart.com,HDMI Cable,428.02,2019-05-20 21:22:18,Chennai,India
2989,Maestro,www.ebay.com,TV,89.13,2019-05-20 14:10:28,Bangkok,Thailand
2990,Maestro,www.snapdeal.com,Desktop Computer,21.60,2019-05-20 05:10:39,New Delhi,Inida
2991,Maestro,www.snapdeal.com,LAN Cable,201.21,2019-05-20 03:21:54,Kolkata,India
2992,Maestro,www.ebay.com,Wrist Watch,546.41,2019-05-20 03:44:40,Mumbai,India
2993,Maestro,www.snapdeal.com,Laptop,527.72,2019-05-20 05:49:32,Bangkok,Thailand
2994,Visa,www.ebay.com,Pen Drive,51.22,2019-05-20 01:50:18,London,United Kingdom
2995,MasterCard,www.amazon.com,LAN Cable,438.94,2019-05-20 16:35:04,Bangkok,Thailand
2996,Maestro,www.snapdeal.com,Pen Drive,415.01,2019-05-20 14:24:49,Chennai,India
2997,Visa,www.flipkart.com,Text Books,223.47,2019-05-20 20:55:59,Bangalore,India
2998,MasterCard,www.flipkart.com,Laptop,456.62,2019-05-20 05:27:17,Bangkok,Thailand
2999,MasterCard,www.snapdeal.com,TV Stand,478.76,2019-05-20 20:58:49,New York City,United States
3000,Visa,www.ebay.com,LAN Cable,234.60,2019-05-20 11:54:05,Jerusalem,Israel
